version,region,size,threads,io,run,time_s
mandelbrot_omp,full,16,1,no,1,0.001136845
mandelbrot_omp,full,16,1,no,2,0.001061145
mandelbrot_omp,full,16,1,no,3,0.001102885
mandelbrot_omp,full,16,1,no,4,0.001075324
mandelbrot_omp,full,16,1,no,5,0.001014144
mandelbrot_omp,full,16,1,no,6,0.001053154
mandelbrot_omp,full,16,1,no,7,0.001034744
mandelbrot_omp,full,16,1,no,8,0.001017224
mandelbrot_omp,full,16,1,no,9,0.001072814
mandelbrot_omp,full,16,1,no,10,0.001049444
mandelbrot_omp,full,16,2,no,1,0.001127805
mandelbrot_omp,full,16,2,no,2,0.001112974
mandelbrot_omp,full,16,2,no,3,0.001207256
mandelbrot_omp,full,16,2,no,4,0.001240227
mandelbrot_omp,full,16,2,no,5,0.001173946
mandelbrot_omp,full,16,2,no,6,0.001190536
mandelbrot_omp,full,16,2,no,7,0.001639531
mandelbrot_omp,full,16,2,no,8,0.001241537
mandelbrot_omp,full,16,2,no,9,0.002051877
mandelbrot_omp,full,16,2,no,10,0.001212446
mandelbrot_omp,full,16,4,no,1,0.001364508
mandelbrot_omp,full,16,4,no,2,0.001282957
mandelbrot_omp,full,16,4,no,3,0.001283877
mandelbrot_omp,full,16,4,no,4,0.001278527
mandelbrot_omp,full,16,4,no,5,0.001290567
mandelbrot_omp,full,16,4,no,6,0.001254406
mandelbrot_omp,full,16,4,no,7,0.001245607
mandelbrot_omp,full,16,4,no,8,0.001462679
mandelbrot_omp,full,16,4,no,9,0.001286727
mandelbrot_omp,full,16,4,no,10,0.001312778
mandelbrot_omp,full,16,8,no,1,0.001924045
mandelbrot_omp,full,16,8,no,2,0.001966946
mandelbrot_omp,full,16,8,no,3,0.001618322
mandelbrot_omp,full,16,8,no,4,0.001660272
mandelbrot_omp,full,16,8,no,5,0.001621992
mandelbrot_omp,full,16,8,no,6,0.001784024
mandelbrot_omp,full,16,8,no,7,0.001528300
mandelbrot_omp,full,16,8,no,8,0.001430359
mandelbrot_omp,full,16,8,no,9,0.001508600
mandelbrot_omp,full,16,8,no,10,0.001440719
mandelbrot_omp,full,16,16,no,1,0.002220580
mandelbrot_omp,full,16,16,no,2,0.002009577
mandelbrot_omp,full,16,16,no,3,0.002060838
mandelbrot_omp,full,16,16,no,4,0.002294290
mandelbrot_omp,full,16,16,no,5,0.002106518
mandelbrot_omp,full,16,16,no,6,0.002058608
mandelbrot_omp,full,16,16,no,7,0.002068767
mandelbrot_omp,full,16,16,no,8,0.002058487
mandelbrot_omp,full,16,16,no,9,0.002179598
mandelbrot_omp,full,16,16,no,10,0.002182959
mandelbrot_omp,full,16,32,no,1,0.003178131
mandelbrot_omp,full,16,32,no,2,0.003234813
mandelbrot_omp,full,16,32,no,3,0.003115221
mandelbrot_omp,full,16,32,no,4,0.003246693
mandelbrot_omp,full,16,32,no,5,0.002988430
mandelbrot_omp,full,16,32,no,6,0.003085621
mandelbrot_omp,full,16,32,no,7,0.003130101
mandelbrot_omp,full,16,32,no,8,0.003023330
mandelbrot_omp,full,16,32,no,9,0.003048430
mandelbrot_omp,full,16,32,no,10,0.003255353
mandelbrot_omp,seahorse,16,1,no,1,0.001160616
mandelbrot_omp,seahorse,16,1,no,2,0.001244986
mandelbrot_omp,seahorse,16,1,no,3,0.001535370
mandelbrot_omp,seahorse,16,1,no,4,0.001152045
mandelbrot_omp,seahorse,16,1,no,5,0.001207186
mandelbrot_omp,seahorse,16,1,no,6,0.001112935
mandelbrot_omp,seahorse,16,1,no,7,0.001197216
mandelbrot_omp,seahorse,16,1,no,8,0.001160946
mandelbrot_omp,seahorse,16,1,no,9,0.001160206
mandelbrot_omp,seahorse,16,1,no,10,0.001195516
mandelbrot_omp,seahorse,16,2,no,1,0.001211596
mandelbrot_omp,seahorse,16,2,no,2,0.001224586
mandelbrot_omp,seahorse,16,2,no,3,0.001165096
mandelbrot_omp,seahorse,16,2,no,4,0.001188036
mandelbrot_omp,seahorse,16,2,no,5,0.001311378
mandelbrot_omp,seahorse,16,2,no,6,0.001155956
mandelbrot_omp,seahorse,16,2,no,7,0.001226226
mandelbrot_omp,seahorse,16,2,no,8,0.001207106
mandelbrot_omp,seahorse,16,2,no,9,0.001247767
mandelbrot_omp,seahorse,16,2,no,10,0.001196026
mandelbrot_omp,seahorse,16,4,no,1,0.001213386
mandelbrot_omp,seahorse,16,4,no,2,0.001430649
mandelbrot_omp,seahorse,16,4,no,3,0.001314248
mandelbrot_omp,seahorse,16,4,no,4,0.001303127
mandelbrot_omp,seahorse,16,4,no,5,0.001591671
mandelbrot_omp,seahorse,16,4,no,6,0.001370968
mandelbrot_omp,seahorse,16,4,no,7,0.001332178
mandelbrot_omp,seahorse,16,4,no,8,0.001292267
mandelbrot_omp,seahorse,16,4,no,9,0.001272197
mandelbrot_omp,seahorse,16,4,no,10,0.001295657
mandelbrot_omp,seahorse,16,8,no,1,0.001535030
mandelbrot_omp,seahorse,16,8,no,2,0.001495340
mandelbrot_omp,seahorse,16,8,no,3,0.001469260
mandelbrot_omp,seahorse,16,8,no,4,0.002120399
mandelbrot_omp,seahorse,16,8,no,5,0.001617762
mandelbrot_omp,seahorse,16,8,no,6,0.001588081
mandelbrot_omp,seahorse,16,8,no,7,0.001537541
mandelbrot_omp,seahorse,16,8,no,8,0.001953866
mandelbrot_omp,seahorse,16,8,no,9,0.001542131
mandelbrot_omp,seahorse,16,8,no,10,0.001539891
mandelbrot_omp,seahorse,16,16,no,1,0.003207873
mandelbrot_omp,seahorse,16,16,no,2,0.001943496
mandelbrot_omp,seahorse,16,16,no,3,0.001919386
mandelbrot_omp,seahorse,16,16,no,4,0.001862995
mandelbrot_omp,seahorse,16,16,no,5,0.001899355
mandelbrot_omp,seahorse,16,16,no,6,0.001772824
mandelbrot_omp,seahorse,16,16,no,7,0.001848375
mandelbrot_omp,seahorse,16,16,no,8,0.001790463
mandelbrot_omp,seahorse,16,16,no,9,0.001825884
mandelbrot_omp,seahorse,16,16,no,10,0.001805714
mandelbrot_omp,seahorse,16,32,no,1,0.003145352
mandelbrot_omp,seahorse,16,32,no,2,0.003217453
mandelbrot_omp,seahorse,16,32,no,3,0.003189332
mandelbrot_omp,seahorse,16,32,no,4,0.003042570
mandelbrot_omp,seahorse,16,32,no,5,0.003509846
mandelbrot_omp,seahorse,16,32,no,6,0.003333064
mandelbrot_omp,seahorse,16,32,no,7,0.003070281
mandelbrot_omp,seahorse,16,32,no,8,0.003426295
mandelbrot_omp,seahorse,16,32,no,9,0.003055281
mandelbrot_omp,seahorse,16,32,no,10,0.003016260
mandelbrot_omp,elephant,16,1,no,1,0.001022714
mandelbrot_omp,elephant,16,1,no,2,0.001031493
mandelbrot_omp,elephant,16,1,no,3,0.001019223
mandelbrot_omp,elephant,16,1,no,4,0.001053674
mandelbrot_omp,elephant,16,1,no,5,0.001048864
mandelbrot_omp,elephant,16,1,no,6,0.001071984
mandelbrot_omp,elephant,16,1,no,7,0.001020624
mandelbrot_omp,elephant,16,1,no,8,0.001122375
mandelbrot_omp,elephant,16,1,no,9,0.001144745
mandelbrot_omp,elephant,16,1,no,10,0.001117725
mandelbrot_omp,elephant,16,2,no,1,0.001212826
mandelbrot_omp,elephant,16,2,no,2,0.001259436
mandelbrot_omp,elephant,16,2,no,3,0.002445412
mandelbrot_omp,elephant,16,2,no,4,0.001666792
mandelbrot_omp,elephant,16,2,no,5,0.001201985
mandelbrot_omp,elephant,16,2,no,6,0.001136935
mandelbrot_omp,elephant,16,2,no,7,0.001061074
mandelbrot_omp,elephant,16,2,no,8,0.001057804
mandelbrot_omp,elephant,16,2,no,9,0.001056524
mandelbrot_omp,elephant,16,2,no,10,0.001075605
mandelbrot_omp,elephant,16,4,no,1,0.001181726
mandelbrot_omp,elephant,16,4,no,2,0.001156925
mandelbrot_omp,elephant,16,4,no,3,0.001157555
mandelbrot_omp,elephant,16,4,no,4,0.001105534
mandelbrot_omp,elephant,16,4,no,5,0.001163376
mandelbrot_omp,elephant,16,4,no,6,0.001679872
mandelbrot_omp,elephant,16,4,no,7,0.001304027
mandelbrot_omp,elephant,16,4,no,8,0.001244977
mandelbrot_omp,elephant,16,4,no,9,0.001310127
mandelbrot_omp,elephant,16,4,no,10,0.001585641
mandelbrot_omp,elephant,16,8,no,1,0.001634161
mandelbrot_omp,elephant,16,8,no,2,0.001536381
mandelbrot_omp,elephant,16,8,no,3,0.001528590
mandelbrot_omp,elephant,16,8,no,4,0.001716443
mandelbrot_omp,elephant,16,8,no,5,0.001464440
mandelbrot_omp,elephant,16,8,no,6,0.001386018
mandelbrot_omp,elephant,16,8,no,7,0.001389978
mandelbrot_omp,elephant,16,8,no,8,0.001376869
mandelbrot_omp,elephant,16,8,no,9,0.001337347
mandelbrot_omp,elephant,16,8,no,10,0.001384788
mandelbrot_omp,elephant,16,16,no,1,0.001954436
mandelbrot_omp,elephant,16,16,no,2,0.001905935
mandelbrot_omp,elephant,16,16,no,3,0.001880365
mandelbrot_omp,elephant,16,16,no,4,0.001988857
mandelbrot_omp,elephant,16,16,no,5,0.002124088
mandelbrot_omp,elephant,16,16,no,6,0.002130668
mandelbrot_omp,elephant,16,16,no,7,0.002090608
mandelbrot_omp,elephant,16,16,no,8,0.002411422
mandelbrot_omp,elephant,16,16,no,9,0.002015417
mandelbrot_omp,elephant,16,16,no,10,0.002030177
mandelbrot_omp,elephant,16,32,no,1,0.004150045
mandelbrot_omp,elephant,16,32,no,2,0.003084691
mandelbrot_omp,elephant,16,32,no,3,0.003056640
mandelbrot_omp,elephant,16,32,no,4,0.003045920
mandelbrot_omp,elephant,16,32,no,5,0.003065201
mandelbrot_omp,elephant,16,32,no,6,0.003025120
mandelbrot_omp,elephant,16,32,no,7,0.003012239
mandelbrot_omp,elephant,16,32,no,8,0.003045501
mandelbrot_omp,elephant,16,32,no,9,0.002972749
mandelbrot_omp,elephant,16,32,no,10,0.003187813
mandelbrot_omp,triple_spiral,16,1,no,1,0.001238477
mandelbrot_omp,triple_spiral,16,1,no,2,0.001181836
mandelbrot_omp,triple_spiral,16,1,no,3,0.001124244
mandelbrot_omp,triple_spiral,16,1,no,4,0.001547840
mandelbrot_omp,triple_spiral,16,1,no,5,0.001509940
mandelbrot_omp,triple_spiral,16,1,no,6,0.001205696
mandelbrot_omp,triple_spiral,16,1,no,7,0.001187536
mandelbrot_omp,triple_spiral,16,1,no,8,0.001141065
mandelbrot_omp,triple_spiral,16,1,no,9,0.001055174
mandelbrot_omp,triple_spiral,16,1,no,10,0.001033674
mandelbrot_omp,triple_spiral,16,2,no,1,0.001065624
mandelbrot_omp,triple_spiral,16,2,no,2,0.001042794
mandelbrot_omp,triple_spiral,16,2,no,3,0.001166566
mandelbrot_omp,triple_spiral,16,2,no,4,0.001080415
mandelbrot_omp,triple_spiral,16,2,no,5,0.001065874
mandelbrot_omp,triple_spiral,16,2,no,6,0.001016414
mandelbrot_omp,triple_spiral,16,2,no,7,0.001137365
mandelbrot_omp,triple_spiral,16,2,no,8,0.001075314
mandelbrot_omp,triple_spiral,16,2,no,9,0.001171286
mandelbrot_omp,triple_spiral,16,2,no,10,0.001243036
mandelbrot_omp,triple_spiral,16,4,no,1,0.001323108
mandelbrot_omp,triple_spiral,16,4,no,2,0.001711452
mandelbrot_omp,triple_spiral,16,4,no,3,0.001293667
mandelbrot_omp,triple_spiral,16,4,no,4,0.001751083
mandelbrot_omp,triple_spiral,16,4,no,5,0.001280027
mandelbrot_omp,triple_spiral,16,4,no,6,0.001281107
mandelbrot_omp,triple_spiral,16,4,no,7,0.001372219
mandelbrot_omp,triple_spiral,16,4,no,8,0.001211936
mandelbrot_omp,triple_spiral,16,4,no,9,0.001180545
mandelbrot_omp,triple_spiral,16,4,no,10,0.001185586
mandelbrot_omp,triple_spiral,16,8,no,1,0.001397208
mandelbrot_omp,triple_spiral,16,8,no,2,0.001350527
mandelbrot_omp,triple_spiral,16,8,no,3,0.001397449
mandelbrot_omp,triple_spiral,16,8,no,4,0.001379398
mandelbrot_omp,triple_spiral,16,8,no,5,0.001400579
mandelbrot_omp,triple_spiral,16,8,no,6,0.001373488
mandelbrot_omp,triple_spiral,16,8,no,7,0.001931235
mandelbrot_omp,triple_spiral,16,8,no,8,0.001549831
mandelbrot_omp,triple_spiral,16,8,no,9,0.001589721
mandelbrot_omp,triple_spiral,16,8,no,10,0.001551441
mandelbrot_omp,triple_spiral,16,16,no,1,0.002149518
mandelbrot_omp,triple_spiral,16,16,no,2,0.002057508
mandelbrot_omp,triple_spiral,16,16,no,3,0.002047347
mandelbrot_omp,triple_spiral,16,16,no,4,0.002149519
mandelbrot_omp,triple_spiral,16,16,no,5,0.001998577
mandelbrot_omp,triple_spiral,16,16,no,6,0.001820024
mandelbrot_omp,triple_spiral,16,16,no,7,0.001826304
mandelbrot_omp,triple_spiral,16,16,no,8,0.001898975
mandelbrot_omp,triple_spiral,16,16,no,9,0.001825194
mandelbrot_omp,triple_spiral,16,16,no,10,0.001802643
mandelbrot_omp,triple_spiral,16,32,no,1,0.003044641
mandelbrot_omp,triple_spiral,16,32,no,2,0.002945849
mandelbrot_omp,triple_spiral,16,32,no,3,0.003039060
mandelbrot_omp,triple_spiral,16,32,no,4,0.003587658
mandelbrot_omp,triple_spiral,16,32,no,5,0.003243662
mandelbrot_omp,triple_spiral,16,32,no,6,0.003194462
mandelbrot_omp,triple_spiral,16,32,no,7,0.003020030
mandelbrot_omp,triple_spiral,16,32,no,8,0.003097331
mandelbrot_omp,triple_spiral,16,32,no,9,0.003127471
mandelbrot_omp,triple_spiral,16,32,no,10,0.003171182
mandelbrot_omp,full,32,1,no,1,0.001048134
mandelbrot_omp,full,32,1,no,2,0.000968352
mandelbrot_omp,full,32,1,no,3,0.000971613
mandelbrot_omp,full,32,1,no,4,0.000952812
mandelbrot_omp,full,32,1,no,5,0.000998733
mandelbrot_omp,full,32,1,no,6,0.000943282
mandelbrot_omp,full,32,1,no,7,0.000982763
mandelbrot_omp,full,32,1,no,8,0.000969333
mandelbrot_omp,full,32,1,no,9,0.000962723
mandelbrot_omp,full,32,1,no,10,0.000943622
mandelbrot_omp,full,32,2,no,1,0.001609821
mandelbrot_omp,full,32,2,no,2,0.001181155
mandelbrot_omp,full,32,2,no,3,0.001169536
mandelbrot_omp,full,32,2,no,4,0.001244097
mandelbrot_omp,full,32,2,no,5,0.001153245
mandelbrot_omp,full,32,2,no,6,0.001256987
mandelbrot_omp,full,32,2,no,7,0.001118665
mandelbrot_omp,full,32,2,no,8,0.001223597
mandelbrot_omp,full,32,2,no,9,0.001206226
mandelbrot_omp,full,32,2,no,10,0.001096235
mandelbrot_omp,full,32,4,no,1,0.001235257
mandelbrot_omp,full,32,4,no,2,0.001174775
mandelbrot_omp,full,32,4,no,3,0.001205896
mandelbrot_omp,full,32,4,no,4,0.001178796
mandelbrot_omp,full,32,4,no,5,0.001225496
mandelbrot_omp,full,32,4,no,6,0.001233376
mandelbrot_omp,full,32,4,no,7,0.001164605
mandelbrot_omp,full,32,4,no,8,0.001176136
mandelbrot_omp,full,32,4,no,9,0.001228366
mandelbrot_omp,full,32,4,no,10,0.001920576
mandelbrot_omp,full,32,8,no,1,0.001624272
mandelbrot_omp,full,32,8,no,2,0.001694352
mandelbrot_omp,full,32,8,no,3,0.002382291
mandelbrot_omp,full,32,8,no,4,0.001555520
mandelbrot_omp,full,32,8,no,5,0.001543130
mandelbrot_omp,full,32,8,no,6,0.001924825
mandelbrot_omp,full,32,8,no,7,0.001530011
mandelbrot_omp,full,32,8,no,8,0.001754354
mandelbrot_omp,full,32,8,no,9,0.001489410
mandelbrot_omp,full,32,8,no,10,0.001393708
mandelbrot_omp,full,32,16,no,1,0.001852664
mandelbrot_omp,full,32,16,no,2,0.001800564
mandelbrot_omp,full,32,16,no,3,0.001830574
mandelbrot_omp,full,32,16,no,4,0.001861404
mandelbrot_omp,full,32,16,no,5,0.001808204
mandelbrot_omp,full,32,16,no,6,0.001840394
mandelbrot_omp,full,32,16,no,7,0.001809504
mandelbrot_omp,full,32,16,no,8,0.002381602
mandelbrot_omp,full,32,16,no,9,0.002165189
mandelbrot_omp,full,32,16,no,10,0.002057167
mandelbrot_omp,full,32,32,no,1,0.003541167
mandelbrot_omp,full,32,32,no,2,0.003171692
mandelbrot_omp,full,32,32,no,3,0.003115531
mandelbrot_omp,full,32,32,no,4,0.003228263
mandelbrot_omp,full,32,32,no,5,0.003050090
mandelbrot_omp,full,32,32,no,6,0.003051450
mandelbrot_omp,full,32,32,no,7,0.003019090
mandelbrot_omp,full,32,32,no,8,0.002950509
mandelbrot_omp,full,32,32,no,9,0.002974419
mandelbrot_omp,full,32,32,no,10,0.002953829
mandelbrot_omp,seahorse,32,1,no,1,0.001452970
mandelbrot_omp,seahorse,32,1,no,2,0.001451149
mandelbrot_omp,seahorse,32,1,no,3,0.001854514
mandelbrot_omp,seahorse,32,1,no,4,0.001562460
mandelbrot_omp,seahorse,32,1,no,5,0.001648752
mandelbrot_omp,seahorse,32,1,no,6,0.001637372
mandelbrot_omp,seahorse,32,1,no,7,0.001953716
mandelbrot_omp,seahorse,32,1,no,8,0.001531791
mandelbrot_omp,seahorse,32,1,no,9,0.001596111
mandelbrot_omp,seahorse,32,1,no,10,0.001626602
mandelbrot_omp,seahorse,32,2,no,1,0.001934485
mandelbrot_omp,seahorse,32,2,no,2,0.001333377
mandelbrot_omp,seahorse,32,2,no,3,0.001303747
mandelbrot_omp,seahorse,32,2,no,4,0.001265276
mandelbrot_omp,seahorse,32,2,no,5,0.001272156
mandelbrot_omp,seahorse,32,2,no,6,0.001323217
mandelbrot_omp,seahorse,32,2,no,7,0.001277217
mandelbrot_omp,seahorse,32,2,no,8,0.001275687
mandelbrot_omp,seahorse,32,2,no,9,0.001306447
mandelbrot_omp,seahorse,32,2,no,10,0.001272657
mandelbrot_omp,seahorse,32,4,no,1,0.001343068
mandelbrot_omp,seahorse,32,4,no,2,0.001489559
mandelbrot_omp,seahorse,32,4,no,3,0.001691632
mandelbrot_omp,seahorse,32,4,no,4,0.001472640
mandelbrot_omp,seahorse,32,4,no,5,0.001533900
mandelbrot_omp,seahorse,32,4,no,6,0.001434509
mandelbrot_omp,seahorse,32,4,no,7,0.001426399
mandelbrot_omp,seahorse,32,4,no,8,0.001389229
mandelbrot_omp,seahorse,32,4,no,9,0.001826944
mandelbrot_omp,seahorse,32,4,no,10,0.001403319
mandelbrot_omp,seahorse,32,8,no,1,0.001451259
mandelbrot_omp,seahorse,32,8,no,2,0.001438749
mandelbrot_omp,seahorse,32,8,no,3,0.001430198
mandelbrot_omp,seahorse,32,8,no,4,0.001450070
mandelbrot_omp,seahorse,32,8,no,5,0.001409709
mandelbrot_omp,seahorse,32,8,no,6,0.001495950
mandelbrot_omp,seahorse,32,8,no,7,0.001443969
mandelbrot_omp,seahorse,32,8,no,8,0.001448409
mandelbrot_omp,seahorse,32,8,no,9,0.001469909
mandelbrot_omp,seahorse,32,8,no,10,0.001727493
mandelbrot_omp,seahorse,32,16,no,1,0.002239740
mandelbrot_omp,seahorse,32,16,no,2,0.002144119
mandelbrot_omp,seahorse,32,16,no,3,0.002208219
mandelbrot_omp,seahorse,32,16,no,4,0.002035577
mandelbrot_omp,seahorse,32,16,no,5,0.002145489
mandelbrot_omp,seahorse,32,16,no,6,0.002048487
mandelbrot_omp,seahorse,32,16,no,7,0.002040657
mandelbrot_omp,seahorse,32,16,no,8,0.002043257
mandelbrot_omp,seahorse,32,16,no,9,0.001851984
mandelbrot_omp,seahorse,32,16,no,10,0.001868555
mandelbrot_omp,seahorse,32,32,no,1,0.003109931
mandelbrot_omp,seahorse,32,32,no,2,0.003076990
mandelbrot_omp,seahorse,32,32,no,3,0.003004330
mandelbrot_omp,seahorse,32,32,no,4,0.002994170
mandelbrot_omp,seahorse,32,32,no,5,0.002942308
mandelbrot_omp,seahorse,32,32,no,6,0.003454766
mandelbrot_omp,seahorse,32,32,no,7,0.003207132
mandelbrot_omp,seahorse,32,32,no,8,0.003140271
mandelbrot_omp,seahorse,32,32,no,9,0.003191762
mandelbrot_omp,seahorse,32,32,no,10,0.003054251
mandelbrot_omp,elephant,32,1,no,1,0.001673892
mandelbrot_omp,elephant,32,1,no,2,0.001645001
mandelbrot_omp,elephant,32,1,no,3,0.001514490
mandelbrot_omp,elephant,32,1,no,4,0.001409999
mandelbrot_omp,elephant,32,1,no,5,0.001396018
mandelbrot_omp,elephant,32,1,no,6,0.001393729
mandelbrot_omp,elephant,32,1,no,7,0.001412128
mandelbrot_omp,elephant,32,1,no,8,0.001410708
mandelbrot_omp,elephant,32,1,no,9,0.001407109
mandelbrot_omp,elephant,32,1,no,10,0.001427699
mandelbrot_omp,elephant,32,2,no,1,0.001229076
mandelbrot_omp,elephant,32,2,no,2,0.001272577
mandelbrot_omp,elephant,32,2,no,3,0.001445400
mandelbrot_omp,elephant,32,2,no,4,0.001452749
mandelbrot_omp,elephant,32,2,no,5,0.001369288
mandelbrot_omp,elephant,32,2,no,6,0.001394738
mandelbrot_omp,elephant,32,2,no,7,0.001405979
mandelbrot_omp,elephant,32,2,no,8,0.001552420
mandelbrot_omp,elephant,32,2,no,9,0.001572631
mandelbrot_omp,elephant,32,2,no,10,0.001386158
mandelbrot_omp,elephant,32,4,no,1,0.001393969
mandelbrot_omp,elephant,32,4,no,2,0.002328760
mandelbrot_omp,elephant,32,4,no,3,0.001287577
mandelbrot_omp,elephant,32,4,no,4,0.001304927
mandelbrot_omp,elephant,32,4,no,5,0.001353067
mandelbrot_omp,elephant,32,4,no,6,0.001334958
mandelbrot_omp,elephant,32,4,no,7,0.001286827
mandelbrot_omp,elephant,32,4,no,8,0.001310957
mandelbrot_omp,elephant,32,4,no,9,0.001259236
mandelbrot_omp,elephant,32,4,no,10,0.001348168
mandelbrot_omp,elephant,32,8,no,1,0.001737263
mandelbrot_omp,elephant,32,8,no,2,0.001640132
mandelbrot_omp,elephant,32,8,no,3,0.001568460
mandelbrot_omp,elephant,32,8,no,4,0.001642332
mandelbrot_omp,elephant,32,8,no,5,0.002699365
mandelbrot_omp,elephant,32,8,no,6,0.001626981
mandelbrot_omp,elephant,32,8,no,7,0.001648452
mandelbrot_omp,elephant,32,8,no,8,0.002003276
mandelbrot_omp,elephant,32,8,no,9,0.001558461
mandelbrot_omp,elephant,32,8,no,10,0.001522000
mandelbrot_omp,elephant,32,16,no,1,0.001951296
mandelbrot_omp,elephant,32,16,no,2,0.001849824
mandelbrot_omp,elephant,32,16,no,3,0.001839714
mandelbrot_omp,elephant,32,16,no,4,0.001835064
mandelbrot_omp,elephant,32,16,no,5,0.001845844
mandelbrot_omp,elephant,32,16,no,6,0.001804104
mandelbrot_omp,elephant,32,16,no,7,0.001819074
mandelbrot_omp,elephant,32,16,no,8,0.002245610
mandelbrot_omp,elephant,32,16,no,9,0.002181148
mandelbrot_omp,elephant,32,16,no,10,0.002178408
mandelbrot_omp,elephant,32,32,no,1,0.003150801
mandelbrot_omp,elephant,32,32,no,2,0.003570667
mandelbrot_omp,elephant,32,32,no,3,0.003117421
mandelbrot_omp,elephant,32,32,no,4,0.003158812
mandelbrot_omp,elephant,32,32,no,5,0.003132371
mandelbrot_omp,elephant,32,32,no,6,0.002977539
mandelbrot_omp,elephant,32,32,no,7,0.002992550
mandelbrot_omp,elephant,32,32,no,8,0.003069200
mandelbrot_omp,elephant,32,32,no,9,0.002988629
mandelbrot_omp,elephant,32,32,no,10,0.002983770
mandelbrot_omp,triple_spiral,32,1,no,1,0.001508180
mandelbrot_omp,triple_spiral,32,1,no,2,0.001532480
mandelbrot_omp,triple_spiral,32,1,no,3,0.001630171
mandelbrot_omp,triple_spiral,32,1,no,4,0.001610061
mandelbrot_omp,triple_spiral,32,1,no,5,0.001725473
mandelbrot_omp,triple_spiral,32,1,no,6,0.001719222
mandelbrot_omp,triple_spiral,32,1,no,7,0.001689873
mandelbrot_omp,triple_spiral,32,1,no,8,0.001730253
mandelbrot_omp,triple_spiral,32,1,no,9,0.001666612
mandelbrot_omp,triple_spiral,32,1,no,10,0.001661842
mandelbrot_omp,triple_spiral,32,2,no,1,0.001481329
mandelbrot_omp,triple_spiral,32,2,no,2,0.001299617
mandelbrot_omp,triple_spiral,32,2,no,3,0.001281947
mandelbrot_omp,triple_spiral,32,2,no,4,0.001311337
mandelbrot_omp,triple_spiral,32,2,no,5,0.001332278
mandelbrot_omp,triple_spiral,32,2,no,6,0.001276697
mandelbrot_omp,triple_spiral,32,2,no,7,0.001348838
mandelbrot_omp,triple_spiral,32,2,no,8,0.001323817
mandelbrot_omp,triple_spiral,32,2,no,9,0.001281317
mandelbrot_omp,triple_spiral,32,2,no,10,0.001282837
mandelbrot_omp,triple_spiral,32,4,no,1,0.001899235
mandelbrot_omp,triple_spiral,32,4,no,2,0.001455099
mandelbrot_omp,triple_spiral,32,4,no,3,0.001496480
mandelbrot_omp,triple_spiral,32,4,no,4,0.001413609
mandelbrot_omp,triple_spiral,32,4,no,5,0.001427059
mandelbrot_omp,triple_spiral,32,4,no,6,0.001395679
mandelbrot_omp,triple_spiral,32,4,no,7,0.001412699
mandelbrot_omp,triple_spiral,32,4,no,8,0.002391262
mandelbrot_omp,triple_spiral,32,4,no,9,0.001557181
mandelbrot_omp,triple_spiral,32,4,no,10,0.001347608
mandelbrot_omp,triple_spiral,32,8,no,1,0.001599502
mandelbrot_omp,triple_spiral,32,8,no,2,0.001441290
mandelbrot_omp,triple_spiral,32,8,no,3,0.001474579
mandelbrot_omp,triple_spiral,32,8,no,4,0.001412348
mandelbrot_omp,triple_spiral,32,8,no,5,0.001494740
mandelbrot_omp,triple_spiral,32,8,no,6,0.001441899
mandelbrot_omp,triple_spiral,32,8,no,7,0.001474439
mandelbrot_omp,triple_spiral,32,8,no,8,0.001428429
mandelbrot_omp,triple_spiral,32,8,no,9,0.001976286
mandelbrot_omp,triple_spiral,32,8,no,10,0.001663662
mandelbrot_omp,triple_spiral,32,16,no,1,0.002164829
mandelbrot_omp,triple_spiral,32,16,no,2,0.002563144
mandelbrot_omp,triple_spiral,32,16,no,3,0.002047967
mandelbrot_omp,triple_spiral,32,16,no,4,0.002130108
mandelbrot_omp,triple_spiral,32,16,no,5,0.002141078
mandelbrot_omp,triple_spiral,32,16,no,6,0.002149939
mandelbrot_omp,triple_spiral,32,16,no,7,0.001953956
mandelbrot_omp,triple_spiral,32,16,no,8,0.001941746
mandelbrot_omp,triple_spiral,32,16,no,9,0.001835644
mandelbrot_omp,triple_spiral,32,16,no,10,0.001890215
mandelbrot_omp,triple_spiral,32,32,no,1,0.003061340
mandelbrot_omp,triple_spiral,32,32,no,2,0.003073390
mandelbrot_omp,triple_spiral,32,32,no,3,0.003051250
mandelbrot_omp,triple_spiral,32,32,no,4,0.003079460
mandelbrot_omp,triple_spiral,32,32,no,5,0.003029390
mandelbrot_omp,triple_spiral,32,32,no,6,0.003154722
mandelbrot_omp,triple_spiral,32,32,no,7,0.003734410
mandelbrot_omp,triple_spiral,32,32,no,8,0.003143262
mandelbrot_omp,triple_spiral,32,32,no,9,0.003311914
mandelbrot_omp,triple_spiral,32,32,no,10,0.003139662
mandelbrot_omp,full,64,1,no,1,0.001378678
mandelbrot_omp,full,64,1,no,2,0.001679532
mandelbrot_omp,full,64,1,no,3,0.001228626
mandelbrot_omp,full,64,1,no,4,0.001182845
mandelbrot_omp,full,64,1,no,5,0.001201655
mandelbrot_omp,full,64,1,no,6,0.001215316
mandelbrot_omp,full,64,1,no,7,0.001202855
mandelbrot_omp,full,64,1,no,8,0.001206096
mandelbrot_omp,full,64,1,no,9,0.001185136
mandelbrot_omp,full,64,1,no,10,0.001189135
mandelbrot_omp,full,64,2,no,1,0.001109154
mandelbrot_omp,full,64,2,no,2,0.001146285
mandelbrot_omp,full,64,2,no,3,0.001347098
mandelbrot_omp,full,64,2,no,4,0.001295527
mandelbrot_omp,full,64,2,no,5,0.001366548
mandelbrot_omp,full,64,2,no,6,0.001280477
mandelbrot_omp,full,64,2,no,7,0.001245737
mandelbrot_omp,full,64,2,no,8,0.001362498
mandelbrot_omp,full,64,2,no,9,0.001349898
mandelbrot_omp,full,64,2,no,10,0.001391088
mandelbrot_omp,full,64,4,no,1,0.001437079
mandelbrot_omp,full,64,4,no,2,0.001275577
mandelbrot_omp,full,64,4,no,3,0.001265407
mandelbrot_omp,full,64,4,no,4,0.001278697
mandelbrot_omp,full,64,4,no,5,0.001346287
mandelbrot_omp,full,64,4,no,6,0.001301507
mandelbrot_omp,full,64,4,no,7,0.001329508
mandelbrot_omp,full,64,4,no,8,0.001297777
mandelbrot_omp,full,64,4,no,9,0.001314607
mandelbrot_omp,full,64,4,no,10,0.001272957
mandelbrot_omp,full,64,8,no,1,0.002100148
mandelbrot_omp,full,64,8,no,2,0.001730703
mandelbrot_omp,full,64,8,no,3,0.001671602
mandelbrot_omp,full,64,8,no,4,0.001678853
mandelbrot_omp,full,64,8,no,5,0.001663172
mandelbrot_omp,full,64,8,no,6,0.001653901
mandelbrot_omp,full,64,8,no,7,0.001588371
mandelbrot_omp,full,64,8,no,8,0.001673963
mandelbrot_omp,full,64,8,no,9,0.001671102
mandelbrot_omp,full,64,8,no,10,0.001487280
mandelbrot_omp,full,64,16,no,1,0.001926646
mandelbrot_omp,full,64,16,no,2,0.001950056
mandelbrot_omp,full,64,16,no,3,0.001870665
mandelbrot_omp,full,64,16,no,4,0.001869425
mandelbrot_omp,full,64,16,no,5,0.001937365
mandelbrot_omp,full,64,16,no,6,0.001895225
mandelbrot_omp,full,64,16,no,7,0.001824894
mandelbrot_omp,full,64,16,no,8,0.001943725
mandelbrot_omp,full,64,16,no,9,0.002150168
mandelbrot_omp,full,64,16,no,10,0.002325291
mandelbrot_omp,full,64,32,no,1,0.003106931
mandelbrot_omp,full,64,32,no,2,0.003541047
mandelbrot_omp,full,64,32,no,3,0.003238033
mandelbrot_omp,full,64,32,no,4,0.003403895
mandelbrot_omp,full,64,32,no,5,0.003239483
mandelbrot_omp,full,64,32,no,6,0.002900278
mandelbrot_omp,full,64,32,no,7,0.002963430
mandelbrot_omp,full,64,32,no,8,0.002911858
mandelbrot_omp,full,64,32,no,9,0.002911708
mandelbrot_omp,full,64,32,no,10,0.002966389
mandelbrot_omp,seahorse,64,1,no,1,0.003064570
mandelbrot_omp,seahorse,64,1,no,2,0.003104981
mandelbrot_omp,seahorse,64,1,no,3,0.003085061
mandelbrot_omp,seahorse,64,1,no,4,0.003258763
mandelbrot_omp,seahorse,64,1,no,5,0.003219513
mandelbrot_omp,seahorse,64,1,no,6,0.003202533
mandelbrot_omp,seahorse,64,1,no,7,0.003204273
mandelbrot_omp,seahorse,64,1,no,8,0.003197322
mandelbrot_omp,seahorse,64,1,no,9,0.003210632
mandelbrot_omp,seahorse,64,1,no,10,0.003186452
mandelbrot_omp,seahorse,64,2,no,1,0.002231919
mandelbrot_omp,seahorse,64,2,no,2,0.002242640
mandelbrot_omp,seahorse,64,2,no,3,0.002189169
mandelbrot_omp,seahorse,64,2,no,4,0.002213269
mandelbrot_omp,seahorse,64,2,no,5,0.002199399
mandelbrot_omp,seahorse,64,2,no,6,0.002222640
mandelbrot_omp,seahorse,64,2,no,7,0.002192229
mandelbrot_omp,seahorse,64,2,no,8,0.002314781
mandelbrot_omp,seahorse,64,2,no,9,0.002436412
mandelbrot_omp,seahorse,64,2,no,10,0.002373541
mandelbrot_omp,seahorse,64,4,no,1,0.001956686
mandelbrot_omp,seahorse,64,4,no,2,0.001907865
mandelbrot_omp,seahorse,64,4,no,3,0.001924025
mandelbrot_omp,seahorse,64,4,no,4,0.001935936
mandelbrot_omp,seahorse,64,4,no,5,0.001914725
mandelbrot_omp,seahorse,64,4,no,6,0.001879005
mandelbrot_omp,seahorse,64,4,no,7,0.001720742
mandelbrot_omp,seahorse,64,4,no,8,0.001730973
mandelbrot_omp,seahorse,64,4,no,9,0.001752593
mandelbrot_omp,seahorse,64,4,no,10,0.001748433
mandelbrot_omp,seahorse,64,8,no,1,0.001711383
mandelbrot_omp,seahorse,64,8,no,2,0.001647271
mandelbrot_omp,seahorse,64,8,no,3,0.001657452
mandelbrot_omp,seahorse,64,8,no,4,0.001721872
mandelbrot_omp,seahorse,64,8,no,5,0.001653532
mandelbrot_omp,seahorse,64,8,no,6,0.002312360
mandelbrot_omp,seahorse,64,8,no,7,0.001906075
mandelbrot_omp,seahorse,64,8,no,8,0.001899495
mandelbrot_omp,seahorse,64,8,no,9,0.001790753
mandelbrot_omp,seahorse,64,8,no,10,0.001793893
mandelbrot_omp,seahorse,64,16,no,1,0.002636585
mandelbrot_omp,seahorse,64,16,no,2,0.002224160
mandelbrot_omp,seahorse,64,16,no,3,0.002247270
mandelbrot_omp,seahorse,64,16,no,4,0.002108078
mandelbrot_omp,seahorse,64,16,no,5,0.001951945
mandelbrot_omp,seahorse,64,16,no,6,0.001986196
mandelbrot_omp,seahorse,64,16,no,7,0.001939886
mandelbrot_omp,seahorse,64,16,no,8,0.001936006
mandelbrot_omp,seahorse,64,16,no,9,0.001917405
mandelbrot_omp,seahorse,64,16,no,10,0.001951546
mandelbrot_omp,seahorse,64,32,no,1,0.002998490
mandelbrot_omp,seahorse,64,32,no,2,0.003044191
mandelbrot_omp,seahorse,64,32,no,3,0.003306664
mandelbrot_omp,seahorse,64,32,no,4,0.003261513
mandelbrot_omp,seahorse,64,32,no,5,0.003224492
mandelbrot_omp,seahorse,64,32,no,6,0.003475696
mandelbrot_omp,seahorse,64,32,no,7,0.003308944
mandelbrot_omp,seahorse,64,32,no,8,0.003169832
mandelbrot_omp,seahorse,64,32,no,9,0.003474995
mandelbrot_omp,seahorse,64,32,no,10,0.003104121
mandelbrot_omp,elephant,64,1,no,1,0.002941789
mandelbrot_omp,elephant,64,1,no,2,0.002941919
mandelbrot_omp,elephant,64,1,no,3,0.003131342
mandelbrot_omp,elephant,64,1,no,4,0.002976910
mandelbrot_omp,elephant,64,1,no,5,0.002992419
mandelbrot_omp,elephant,64,1,no,6,0.002973660
mandelbrot_omp,elephant,64,1,no,7,0.003113581
mandelbrot_omp,elephant,64,1,no,8,0.003097711
mandelbrot_omp,elephant,64,1,no,9,0.003108851
mandelbrot_omp,elephant,64,1,no,10,0.003121061
mandelbrot_omp,elephant,64,2,no,1,0.002214750
mandelbrot_omp,elephant,64,2,no,2,0.002186158
mandelbrot_omp,elephant,64,2,no,3,0.002607744
mandelbrot_omp,elephant,64,2,no,4,0.002158729
mandelbrot_omp,elephant,64,2,no,5,0.002051367
mandelbrot_omp,elephant,64,2,no,6,0.002031606
mandelbrot_omp,elephant,64,2,no,7,0.002038117
mandelbrot_omp,elephant,64,2,no,8,0.002090617
mandelbrot_omp,elephant,64,2,no,9,0.002036157
mandelbrot_omp,elephant,64,2,no,10,0.002015317
mandelbrot_omp,elephant,64,4,no,1,0.001679142
mandelbrot_omp,elephant,64,4,no,2,0.001699362
mandelbrot_omp,elephant,64,4,no,3,0.001794364
mandelbrot_omp,elephant,64,4,no,4,0.001876425
mandelbrot_omp,elephant,64,4,no,5,0.001901975
mandelbrot_omp,elephant,64,4,no,6,0.001884025
mandelbrot_omp,elephant,64,4,no,7,0.001867745
mandelbrot_omp,elephant,64,4,no,8,0.001867914
mandelbrot_omp,elephant,64,4,no,9,0.001907535
mandelbrot_omp,elephant,64,4,no,10,0.001845714
mandelbrot_omp,elephant,64,8,no,1,0.002067497
mandelbrot_omp,elephant,64,8,no,2,0.001783643
mandelbrot_omp,elephant,64,8,no,3,0.001703573
mandelbrot_omp,elephant,64,8,no,4,0.001636232
mandelbrot_omp,elephant,64,8,no,5,0.001662252
mandelbrot_omp,elephant,64,8,no,6,0.001639641
mandelbrot_omp,elephant,64,8,no,7,0.001633602
mandelbrot_omp,elephant,64,8,no,8,0.001616251
mandelbrot_omp,elephant,64,8,no,9,0.001664112
mandelbrot_omp,elephant,64,8,no,10,0.001645182
mandelbrot_omp,elephant,64,16,no,1,0.002381341
mandelbrot_omp,elephant,64,16,no,2,0.002253060
mandelbrot_omp,elephant,64,16,no,3,0.002244029
mandelbrot_omp,elephant,64,16,no,4,0.002208349
mandelbrot_omp,elephant,64,16,no,5,0.002179929
mandelbrot_omp,elephant,64,16,no,6,0.002340911
mandelbrot_omp,elephant,64,16,no,7,0.002230939
mandelbrot_omp,elephant,64,16,no,8,0.002223249
mandelbrot_omp,elephant,64,16,no,9,0.001996227
mandelbrot_omp,elephant,64,16,no,10,0.002050027
mandelbrot_omp,elephant,64,32,no,1,0.003101051
mandelbrot_omp,elephant,64,32,no,2,0.003069080
mandelbrot_omp,elephant,64,32,no,3,0.003007309
mandelbrot_omp,elephant,64,32,no,4,0.003018010
mandelbrot_omp,elephant,64,32,no,5,0.002972060
mandelbrot_omp,elephant,64,32,no,6,0.002976440
mandelbrot_omp,elephant,64,32,no,7,0.003670298
mandelbrot_omp,elephant,64,32,no,8,0.003314583
mandelbrot_omp,elephant,64,32,no,9,0.003280553
mandelbrot_omp,elephant,64,32,no,10,0.003404125
mandelbrot_omp,triple_spiral,64,1,no,1,0.003507046
mandelbrot_omp,triple_spiral,64,1,no,2,0.003612768
mandelbrot_omp,triple_spiral,64,1,no,3,0.003563287
mandelbrot_omp,triple_spiral,64,1,no,4,0.003395865
mandelbrot_omp,triple_spiral,64,1,no,5,0.003371085
mandelbrot_omp,triple_spiral,64,1,no,6,0.003398445
mandelbrot_omp,triple_spiral,64,1,no,7,0.003361044
mandelbrot_omp,triple_spiral,64,1,no,8,0.003353314
mandelbrot_omp,triple_spiral,64,1,no,9,0.003467605
mandelbrot_omp,triple_spiral,64,1,no,10,0.003378385
mandelbrot_omp,triple_spiral,64,2,no,1,0.002471003
mandelbrot_omp,triple_spiral,64,2,no,2,0.002484363
mandelbrot_omp,triple_spiral,64,2,no,3,0.002439502
mandelbrot_omp,triple_spiral,64,2,no,4,0.002507094
mandelbrot_omp,triple_spiral,64,2,no,5,0.002467012
mandelbrot_omp,triple_spiral,64,2,no,6,0.002476353
mandelbrot_omp,triple_spiral,64,2,no,7,0.002433272
mandelbrot_omp,triple_spiral,64,2,no,8,0.002380901
mandelbrot_omp,triple_spiral,64,2,no,9,0.002300251
mandelbrot_omp,triple_spiral,64,2,no,10,0.002324170
mandelbrot_omp,triple_spiral,64,4,no,1,0.001747973
mandelbrot_omp,triple_spiral,64,4,no,2,0.001727353
mandelbrot_omp,triple_spiral,64,4,no,3,0.001750963
mandelbrot_omp,triple_spiral,64,4,no,4,0.001712262
mandelbrot_omp,triple_spiral,64,4,no,5,0.001751063
mandelbrot_omp,triple_spiral,64,4,no,6,0.001756143
mandelbrot_omp,triple_spiral,64,4,no,7,0.002345661
mandelbrot_omp,triple_spiral,64,4,no,8,0.002258069
mandelbrot_omp,triple_spiral,64,4,no,9,0.002073497
mandelbrot_omp,triple_spiral,64,4,no,10,0.002068087
mandelbrot_omp,triple_spiral,64,8,no,1,0.001943386
mandelbrot_omp,triple_spiral,64,8,no,2,0.001923866
mandelbrot_omp,triple_spiral,64,8,no,3,0.001877035
mandelbrot_omp,triple_spiral,64,8,no,4,0.001922286
mandelbrot_omp,triple_spiral,64,8,no,5,0.001650942
mandelbrot_omp,triple_spiral,64,8,no,6,0.001706032
mandelbrot_omp,triple_spiral,64,8,no,7,0.001645831
mandelbrot_omp,triple_spiral,64,8,no,8,0.001665362
mandelbrot_omp,triple_spiral,64,8,no,9,0.001669642
mandelbrot_omp,triple_spiral,64,8,no,10,0.001661752
mandelbrot_omp,triple_spiral,64,16,no,1,0.001935846
mandelbrot_omp,triple_spiral,64,16,no,2,0.002106807
mandelbrot_omp,triple_spiral,64,16,no,3,0.001945436
mandelbrot_omp,triple_spiral,64,16,no,4,0.002624394
mandelbrot_omp,triple_spiral,64,16,no,5,0.002233739
mandelbrot_omp,triple_spiral,64,16,no,6,0.002276100
mandelbrot_omp,triple_spiral,64,16,no,7,0.002171979
mandelbrot_omp,triple_spiral,64,16,no,8,0.002376641
mandelbrot_omp,triple_spiral,64,16,no,9,0.002217539
mandelbrot_omp,triple_spiral,64,16,no,10,0.002188228
mandelbrot_omp,triple_spiral,64,32,no,1,0.003214652
mandelbrot_omp,triple_spiral,64,32,no,2,0.003211862
mandelbrot_omp,triple_spiral,64,32,no,3,0.003035510
mandelbrot_omp,triple_spiral,64,32,no,4,0.002921858
mandelbrot_omp,triple_spiral,64,32,no,5,0.003048120
mandelbrot_omp,triple_spiral,64,32,no,6,0.003038400
mandelbrot_omp,triple_spiral,64,32,no,7,0.002950589
mandelbrot_omp,triple_spiral,64,32,no,8,0.003009229
mandelbrot_omp,triple_spiral,64,32,no,9,0.003004329
mandelbrot_omp,triple_spiral,64,32,no,10,0.003245123
mandelbrot_omp,full,128,1,no,1,0.002213239
mandelbrot_omp,full,128,1,no,2,0.002233219
mandelbrot_omp,full,128,1,no,3,0.002254350
mandelbrot_omp,full,128,1,no,4,0.002200099
mandelbrot_omp,full,128,1,no,5,0.002527144
mandelbrot_omp,full,128,1,no,6,0.002365782
mandelbrot_omp,full,128,1,no,7,0.002083048
mandelbrot_omp,full,128,1,no,8,0.002069697
mandelbrot_omp,full,128,1,no,9,0.002100677
mandelbrot_omp,full,128,1,no,10,0.002112898
mandelbrot_omp,full,128,2,no,1,0.001600561
mandelbrot_omp,full,128,2,no,2,0.001620822
mandelbrot_omp,full,128,2,no,3,0.001656522
mandelbrot_omp,full,128,2,no,4,0.001608411
mandelbrot_omp,full,128,2,no,5,0.001598141
mandelbrot_omp,full,128,2,no,6,0.002147148
mandelbrot_omp,full,128,2,no,7,0.002022047
mandelbrot_omp,full,128,2,no,8,0.001766204
mandelbrot_omp,full,128,2,no,9,0.001837984
mandelbrot_omp,full,128,2,no,10,0.001758613
mandelbrot_omp,full,128,4,no,1,0.001829434
mandelbrot_omp,full,128,4,no,2,0.002336871
mandelbrot_omp,full,128,4,no,3,0.002068707
mandelbrot_omp,full,128,4,no,4,0.001874945
mandelbrot_omp,full,128,4,no,5,0.001746703
mandelbrot_omp,full,128,4,no,6,0.001748283
mandelbrot_omp,full,128,4,no,7,0.001722682
mandelbrot_omp,full,128,4,no,8,0.001689472
mandelbrot_omp,full,128,4,no,9,0.001729533
mandelbrot_omp,full,128,4,no,10,0.001704122
mandelbrot_omp,full,128,8,no,1,0.001847185
mandelbrot_omp,full,128,8,no,2,0.001827004
mandelbrot_omp,full,128,8,no,3,0.001815924
mandelbrot_omp,full,128,8,no,4,0.001975466
mandelbrot_omp,full,128,8,no,5,0.002122288
mandelbrot_omp,full,128,8,no,6,0.002008296
mandelbrot_omp,full,128,8,no,7,0.002513803
mandelbrot_omp,full,128,8,no,8,0.001954626
mandelbrot_omp,full,128,8,no,9,0.002347671
mandelbrot_omp,full,128,8,no,10,0.002139169
mandelbrot_omp,full,128,16,no,1,0.002114688
mandelbrot_omp,full,128,16,no,2,0.002108878
mandelbrot_omp,full,128,16,no,3,0.002079617
mandelbrot_omp,full,128,16,no,4,0.002019037
mandelbrot_omp,full,128,16,no,5,0.002002677
mandelbrot_omp,full,128,16,no,6,0.002035337
mandelbrot_omp,full,128,16,no,7,0.002020307
mandelbrot_omp,full,128,16,no,8,0.002054407
mandelbrot_omp,full,128,16,no,9,0.002044727
mandelbrot_omp,full,128,16,no,10,0.002650345
mandelbrot_omp,full,128,32,no,1,0.003245472
mandelbrot_omp,full,128,32,no,2,0.003236642
mandelbrot_omp,full,128,32,no,3,0.003419765
mandelbrot_omp,full,128,32,no,4,0.003275893
mandelbrot_omp,full,128,32,no,5,0.003159772
mandelbrot_omp,full,128,32,no,6,0.003198083
mandelbrot_omp,full,128,32,no,7,0.003304064
mandelbrot_omp,full,128,32,no,8,0.003011580
mandelbrot_omp,full,128,32,no,9,0.003027940
mandelbrot_omp,full,128,32,no,10,0.003041001
mandelbrot_omp,seahorse,128,1,no,1,0.009644338
mandelbrot_omp,seahorse,128,1,no,2,0.009626077
mandelbrot_omp,seahorse,128,1,no,3,0.009722259
mandelbrot_omp,seahorse,128,1,no,4,0.009736779
mandelbrot_omp,seahorse,128,1,no,5,0.009743309
mandelbrot_omp,seahorse,128,1,no,6,0.009736339
mandelbrot_omp,seahorse,128,1,no,7,0.009718568
mandelbrot_omp,seahorse,128,1,no,8,0.009598837
mandelbrot_omp,seahorse,128,1,no,9,0.009649988
mandelbrot_omp,seahorse,128,1,no,10,0.009579816
mandelbrot_omp,seahorse,128,2,no,1,0.005903207
mandelbrot_omp,seahorse,128,2,no,2,0.006015120
mandelbrot_omp,seahorse,128,2,no,3,0.006184542
mandelbrot_omp,seahorse,128,2,no,4,0.006195522
mandelbrot_omp,seahorse,128,2,no,5,0.006104121
mandelbrot_omp,seahorse,128,2,no,6,0.006115101
mandelbrot_omp,seahorse,128,2,no,7,0.005920298
mandelbrot_omp,seahorse,128,2,no,8,0.005896928
mandelbrot_omp,seahorse,128,2,no,9,0.005895748
mandelbrot_omp,seahorse,128,2,no,10,0.005882658
mandelbrot_omp,seahorse,128,4,no,1,0.003678218
mandelbrot_omp,seahorse,128,4,no,2,0.003663358
mandelbrot_omp,seahorse,128,4,no,3,0.003858581
mandelbrot_omp,seahorse,128,4,no,4,0.003872971
mandelbrot_omp,seahorse,128,4,no,5,0.003965663
mandelbrot_omp,seahorse,128,4,no,6,0.003801880
mandelbrot_omp,seahorse,128,4,no,7,0.004131765
mandelbrot_omp,seahorse,128,4,no,8,0.003812830
mandelbrot_omp,seahorse,128,4,no,9,0.003866341
mandelbrot_omp,seahorse,128,4,no,10,0.003715289
mandelbrot_omp,seahorse,128,8,no,1,0.002677475
mandelbrot_omp,seahorse,128,8,no,2,0.002616995
mandelbrot_omp,seahorse,128,8,no,3,0.002632445
mandelbrot_omp,seahorse,128,8,no,4,0.002621745
mandelbrot_omp,seahorse,128,8,no,5,0.002652085
mandelbrot_omp,seahorse,128,8,no,6,0.002610915
mandelbrot_omp,seahorse,128,8,no,7,0.002884348
mandelbrot_omp,seahorse,128,8,no,8,0.002847238
mandelbrot_omp,seahorse,128,8,no,9,0.002873918
mandelbrot_omp,seahorse,128,8,no,10,0.002810848
mandelbrot_omp,seahorse,128,16,no,1,0.003333044
mandelbrot_omp,seahorse,128,16,no,2,0.003202022
mandelbrot_omp,seahorse,128,16,no,3,0.002766606
mandelbrot_omp,seahorse,128,16,no,4,0.002651155
mandelbrot_omp,seahorse,128,16,no,5,0.002680675
mandelbrot_omp,seahorse,128,16,no,6,0.002429712
mandelbrot_omp,seahorse,128,16,no,7,0.002436442
mandelbrot_omp,seahorse,128,16,no,8,0.002464683
mandelbrot_omp,seahorse,128,16,no,9,0.002439523
mandelbrot_omp,seahorse,128,16,no,10,0.002451133
mandelbrot_omp,seahorse,128,32,no,1,0.003458945
mandelbrot_omp,seahorse,128,32,no,2,0.003322444
mandelbrot_omp,seahorse,128,32,no,3,0.003506376
mandelbrot_omp,seahorse,128,32,no,4,0.003634738
mandelbrot_omp,seahorse,128,32,no,5,0.003585518
mandelbrot_omp,seahorse,128,32,no,6,0.003334094
mandelbrot_omp,seahorse,128,32,no,7,0.003501706
mandelbrot_omp,seahorse,128,32,no,8,0.003386915
mandelbrot_omp,seahorse,128,32,no,9,0.003364284
mandelbrot_omp,seahorse,128,32,no,10,0.003206322
mandelbrot_omp,elephant,128,1,no,1,0.009204782
mandelbrot_omp,elephant,128,1,no,2,0.009161751
mandelbrot_omp,elephant,128,1,no,3,0.009118531
mandelbrot_omp,elephant,128,1,no,4,0.009118810
mandelbrot_omp,elephant,128,1,no,5,0.009230132
mandelbrot_omp,elephant,128,1,no,6,0.009320413
mandelbrot_omp,elephant,128,1,no,7,0.009235482
mandelbrot_omp,elephant,128,1,no,8,0.009237922
mandelbrot_omp,elephant,128,1,no,9,0.009111100
mandelbrot_omp,elephant,128,1,no,10,0.009117560
mandelbrot_omp,elephant,128,2,no,1,0.005161068
mandelbrot_omp,elephant,128,2,no,2,0.005178118
mandelbrot_omp,elephant,128,2,no,3,0.005107508
mandelbrot_omp,elephant,128,2,no,4,0.005721735
mandelbrot_omp,elephant,128,2,no,5,0.005282670
mandelbrot_omp,elephant,128,2,no,6,0.006013380
mandelbrot_omp,elephant,128,2,no,7,0.005245030
mandelbrot_omp,elephant,128,2,no,8,0.005218529
mandelbrot_omp,elephant,128,2,no,9,0.005225489
mandelbrot_omp,elephant,128,2,no,10,0.005104197
mandelbrot_omp,elephant,128,4,no,1,0.003546697
mandelbrot_omp,elephant,128,4,no,2,0.003497846
mandelbrot_omp,elephant,128,4,no,3,0.003485586
mandelbrot_omp,elephant,128,4,no,4,0.003466846
mandelbrot_omp,elephant,128,4,no,5,0.003485606
mandelbrot_omp,elephant,128,4,no,6,0.003692679
mandelbrot_omp,elephant,128,4,no,7,0.003633098
mandelbrot_omp,elephant,128,4,no,8,0.003657948
mandelbrot_omp,elephant,128,4,no,9,0.003624908
mandelbrot_omp,elephant,128,4,no,10,0.005290540
mandelbrot_omp,elephant,128,8,no,1,0.003377935
mandelbrot_omp,elephant,128,8,no,2,0.002991620
mandelbrot_omp,elephant,128,8,no,3,0.002625934
mandelbrot_omp,elephant,128,8,no,4,0.002639095
mandelbrot_omp,elephant,128,8,no,5,0.002560733
mandelbrot_omp,elephant,128,8,no,6,0.002586054
mandelbrot_omp,elephant,128,8,no,7,0.002581484
mandelbrot_omp,elephant,128,8,no,8,0.002542044
mandelbrot_omp,elephant,128,8,no,9,0.002550953
mandelbrot_omp,elephant,128,8,no,10,0.002575734
mandelbrot_omp,elephant,128,16,no,1,0.003079281
mandelbrot_omp,elephant,128,16,no,2,0.002762156
mandelbrot_omp,elephant,128,16,no,3,0.002872608
mandelbrot_omp,elephant,128,16,no,4,0.002627784
mandelbrot_omp,elephant,128,16,no,5,0.002925149
mandelbrot_omp,elephant,128,16,no,6,0.003054951
mandelbrot_omp,elephant,128,16,no,7,0.002877048
mandelbrot_omp,elephant,128,16,no,8,0.002465933
mandelbrot_omp,elephant,128,16,no,9,0.002385582
mandelbrot_omp,elephant,128,16,no,10,0.002419242
mandelbrot_omp,elephant,128,32,no,1,0.003203062
mandelbrot_omp,elephant,128,32,no,2,0.003476656
mandelbrot_omp,elephant,128,32,no,3,0.003140562
mandelbrot_omp,elephant,128,32,no,4,0.003089291
mandelbrot_omp,elephant,128,32,no,5,0.003342284
mandelbrot_omp,elephant,128,32,no,6,0.003415595
mandelbrot_omp,elephant,128,32,no,7,0.003545167
mandelbrot_omp,elephant,128,32,no,8,0.003407795
mandelbrot_omp,elephant,128,32,no,9,0.003467636
mandelbrot_omp,elephant,128,32,no,10,0.003409235
mandelbrot_omp,triple_spiral,128,1,no,1,0.010963645
mandelbrot_omp,triple_spiral,128,1,no,2,0.010849054
mandelbrot_omp,triple_spiral,128,1,no,3,0.010805073
mandelbrot_omp,triple_spiral,128,1,no,4,0.010822783
mandelbrot_omp,triple_spiral,128,1,no,5,0.010798692
mandelbrot_omp,triple_spiral,128,1,no,6,0.010967685
mandelbrot_omp,triple_spiral,128,1,no,7,0.011314580
mandelbrot_omp,triple_spiral,128,1,no,8,0.010917174
mandelbrot_omp,triple_spiral,128,1,no,9,0.010940215
mandelbrot_omp,triple_spiral,128,1,no,10,0.010818773
mandelbrot_omp,triple_spiral,128,2,no,1,0.006288434
mandelbrot_omp,triple_spiral,128,2,no,2,0.006287413
mandelbrot_omp,triple_spiral,128,2,no,3,0.006259693
mandelbrot_omp,triple_spiral,128,2,no,4,0.006636418
mandelbrot_omp,triple_spiral,128,2,no,5,0.006419684
mandelbrot_omp,triple_spiral,128,2,no,6,0.006446305
mandelbrot_omp,triple_spiral,128,2,no,7,0.006485555
mandelbrot_omp,triple_spiral,128,2,no,8,0.006444995
mandelbrot_omp,triple_spiral,128,2,no,9,0.006377254
mandelbrot_omp,triple_spiral,128,2,no,10,0.006256733
mandelbrot_omp,triple_spiral,128,4,no,1,0.003905591
mandelbrot_omp,triple_spiral,128,4,no,2,0.003822500
mandelbrot_omp,triple_spiral,128,4,no,3,0.003816511
mandelbrot_omp,triple_spiral,128,4,no,4,0.003776280
mandelbrot_omp,triple_spiral,128,4,no,5,0.003835741
mandelbrot_omp,triple_spiral,128,4,no,6,0.004073684
mandelbrot_omp,triple_spiral,128,4,no,7,0.003944782
mandelbrot_omp,triple_spiral,128,4,no,8,0.003947442
mandelbrot_omp,triple_spiral,128,4,no,9,0.003982072
mandelbrot_omp,triple_spiral,128,4,no,10,0.003914802
mandelbrot_omp,triple_spiral,128,8,no,1,0.002917838
mandelbrot_omp,triple_spiral,128,8,no,2,0.002752367
mandelbrot_omp,triple_spiral,128,8,no,3,0.002669595
mandelbrot_omp,triple_spiral,128,8,no,4,0.002702745
mandelbrot_omp,triple_spiral,128,8,no,5,0.002675065
mandelbrot_omp,triple_spiral,128,8,no,6,0.002686445
mandelbrot_omp,triple_spiral,128,8,no,7,0.002691416
mandelbrot_omp,triple_spiral,128,8,no,8,0.002759437
mandelbrot_omp,triple_spiral,128,8,no,9,0.002660895
mandelbrot_omp,triple_spiral,128,8,no,10,0.003259253
mandelbrot_omp,triple_spiral,128,16,no,1,0.002784437
mandelbrot_omp,triple_spiral,128,16,no,2,0.002880828
mandelbrot_omp,triple_spiral,128,16,no,3,0.003083181
mandelbrot_omp,triple_spiral,128,16,no,4,0.002786196
mandelbrot_omp,triple_spiral,128,16,no,5,0.002710846
mandelbrot_omp,triple_spiral,128,16,no,6,0.002837917
mandelbrot_omp,triple_spiral,128,16,no,7,0.003294803
mandelbrot_omp,triple_spiral,128,16,no,8,0.002458933
mandelbrot_omp,triple_spiral,128,16,no,9,0.002430152
mandelbrot_omp,triple_spiral,128,16,no,10,0.002465442
mandelbrot_omp,triple_spiral,128,32,no,1,0.003264043
mandelbrot_omp,triple_spiral,128,32,no,2,0.003599687
mandelbrot_omp,triple_spiral,128,32,no,3,0.003126011
mandelbrot_omp,triple_spiral,128,32,no,4,0.003156992
mandelbrot_omp,triple_spiral,128,32,no,5,0.003573637
mandelbrot_omp,triple_spiral,128,32,no,6,0.003505776
mandelbrot_omp,triple_spiral,128,32,no,7,0.003409845
mandelbrot_omp,triple_spiral,128,32,no,8,0.003385404
mandelbrot_omp,triple_spiral,128,32,no,9,0.003483546
mandelbrot_omp,triple_spiral,128,32,no,10,0.003430066
mandelbrot_omp,full,256,1,no,1,0.005785987
mandelbrot_omp,full,256,1,no,2,0.005637424
mandelbrot_omp,full,256,1,no,3,0.005618835
mandelbrot_omp,full,256,1,no,4,0.005607274
mandelbrot_omp,full,256,1,no,5,0.005594344
mandelbrot_omp,full,256,1,no,6,0.005575194
mandelbrot_omp,full,256,1,no,7,0.005566623
mandelbrot_omp,full,256,1,no,8,0.005697755
mandelbrot_omp,full,256,1,no,9,0.006104171
mandelbrot_omp,full,256,1,no,10,0.005691695
mandelbrot_omp,full,256,2,no,1,0.003569297
mandelbrot_omp,full,256,2,no,2,0.003527897
mandelbrot_omp,full,256,2,no,3,0.003489636
mandelbrot_omp,full,256,2,no,4,0.003382124
mandelbrot_omp,full,256,2,no,5,0.003375274
mandelbrot_omp,full,256,2,no,6,0.004923985
mandelbrot_omp,full,256,2,no,7,0.003405135
mandelbrot_omp,full,256,2,no,8,0.003423285
mandelbrot_omp,full,256,2,no,9,0.003365195
mandelbrot_omp,full,256,2,no,10,0.003834000
mandelbrot_omp,full,256,4,no,1,0.003778930
mandelbrot_omp,full,256,4,no,2,0.003605678
mandelbrot_omp,full,256,4,no,3,0.003597478
mandelbrot_omp,full,256,4,no,4,0.003569507
mandelbrot_omp,full,256,4,no,5,0.003601507
mandelbrot_omp,full,256,4,no,6,0.003661358
mandelbrot_omp,full,256,4,no,7,0.003507586
mandelbrot_omp,full,256,4,no,8,0.003527756
mandelbrot_omp,full,256,4,no,9,0.003443476
mandelbrot_omp,full,256,4,no,10,0.003432426
mandelbrot_omp,full,256,8,no,1,0.003236533
mandelbrot_omp,full,256,8,no,2,0.003155752
mandelbrot_omp,full,256,8,no,3,0.003167392
mandelbrot_omp,full,256,8,no,4,0.003666098
mandelbrot_omp,full,256,8,no,5,0.003423995
mandelbrot_omp,full,256,8,no,6,0.003378565
mandelbrot_omp,full,256,8,no,7,0.003403375
mandelbrot_omp,full,256,8,no,8,0.003819910
mandelbrot_omp,full,256,8,no,9,0.003419495
mandelbrot_omp,full,256,8,no,10,0.003457115
mandelbrot_omp,full,256,16,no,1,0.003368485
mandelbrot_omp,full,256,16,no,2,0.002899078
mandelbrot_omp,full,256,16,no,3,0.002843998
mandelbrot_omp,full,256,16,no,4,0.002862028
mandelbrot_omp,full,256,16,no,5,0.002857438
mandelbrot_omp,full,256,16,no,6,0.002823888
mandelbrot_omp,full,256,16,no,7,0.002901938
mandelbrot_omp,full,256,16,no,8,0.002906739
mandelbrot_omp,full,256,16,no,9,0.003250603
mandelbrot_omp,full,256,16,no,10,0.003144581
mandelbrot_omp,full,256,32,no,1,0.003807670
mandelbrot_omp,full,256,32,no,2,0.003820931
mandelbrot_omp,full,256,32,no,3,0.003684008
mandelbrot_omp,full,256,32,no,4,0.003750339
mandelbrot_omp,full,256,32,no,5,0.004018563
mandelbrot_omp,full,256,32,no,6,0.003563027
mandelbrot_omp,full,256,32,no,7,0.003512707
mandelbrot_omp,full,256,32,no,8,0.003522286
mandelbrot_omp,full,256,32,no,9,0.003607677
mandelbrot_omp,full,256,32,no,10,0.003412636
mandelbrot_omp,seahorse,256,1,no,1,0.035776702
mandelbrot_omp,seahorse,256,1,no,2,0.035941864
mandelbrot_omp,seahorse,256,1,no,3,0.035914434
mandelbrot_omp,seahorse,256,1,no,4,0.035877663
mandelbrot_omp,seahorse,256,1,no,5,0.035831123
mandelbrot_omp,seahorse,256,1,no,6,0.035938235
mandelbrot_omp,seahorse,256,1,no,7,0.035755621
mandelbrot_omp,seahorse,256,1,no,8,0.035846113
mandelbrot_omp,seahorse,256,1,no,9,0.035814542
mandelbrot_omp,seahorse,256,1,no,10,0.035870143
mandelbrot_omp,seahorse,256,2,no,1,0.020769404
mandelbrot_omp,seahorse,256,2,no,2,0.020899216
mandelbrot_omp,seahorse,256,2,no,3,0.020750774
mandelbrot_omp,seahorse,256,2,no,4,0.020957616
mandelbrot_omp,seahorse,256,2,no,5,0.020762594
mandelbrot_omp,seahorse,256,2,no,6,0.020728884
mandelbrot_omp,seahorse,256,2,no,7,0.020797295
mandelbrot_omp,seahorse,256,2,no,8,0.020902226
mandelbrot_omp,seahorse,256,2,no,9,0.020793974
mandelbrot_omp,seahorse,256,2,no,10,0.020723304
mandelbrot_omp,seahorse,256,4,no,1,0.011477691
mandelbrot_omp,seahorse,256,4,no,2,0.011498401
mandelbrot_omp,seahorse,256,4,no,3,0.011480392
mandelbrot_omp,seahorse,256,4,no,4,0.011570983
mandelbrot_omp,seahorse,256,4,no,5,0.011574253
mandelbrot_omp,seahorse,256,4,no,6,0.011492422
mandelbrot_omp,seahorse,256,4,no,7,0.011626383
mandelbrot_omp,seahorse,256,4,no,8,0.011500062
mandelbrot_omp,seahorse,256,4,no,9,0.011485472
mandelbrot_omp,seahorse,256,4,no,10,0.011488361
mandelbrot_omp,seahorse,256,8,no,1,0.006782340
mandelbrot_omp,seahorse,256,8,no,2,0.006718109
mandelbrot_omp,seahorse,256,8,no,3,0.007136574
mandelbrot_omp,seahorse,256,8,no,4,0.006729388
mandelbrot_omp,seahorse,256,8,no,5,0.006717059
mandelbrot_omp,seahorse,256,8,no,6,0.006752069
mandelbrot_omp,seahorse,256,8,no,7,0.006731948
mandelbrot_omp,seahorse,256,8,no,8,0.006788739
mandelbrot_omp,seahorse,256,8,no,9,0.006691848
mandelbrot_omp,seahorse,256,8,no,10,0.006650247
mandelbrot_omp,seahorse,256,16,no,1,0.004540340
mandelbrot_omp,seahorse,256,16,no,2,0.004475219
mandelbrot_omp,seahorse,256,16,no,3,0.004556751
mandelbrot_omp,seahorse,256,16,no,4,0.004690772
mandelbrot_omp,seahorse,256,16,no,5,0.005376881
mandelbrot_omp,seahorse,256,16,no,6,0.004782933
mandelbrot_omp,seahorse,256,16,no,7,0.004614561
mandelbrot_omp,seahorse,256,16,no,8,0.004689581
mandelbrot_omp,seahorse,256,16,no,9,0.004673572
mandelbrot_omp,seahorse,256,16,no,10,0.004610631
mandelbrot_omp,seahorse,256,32,no,1,0.004846914
mandelbrot_omp,seahorse,256,32,no,2,0.004224216
mandelbrot_omp,seahorse,256,32,no,3,0.004359978
mandelbrot_omp,seahorse,256,32,no,4,0.004314597
mandelbrot_omp,seahorse,256,32,no,5,0.004212075
mandelbrot_omp,seahorse,256,32,no,6,0.004449708
mandelbrot_omp,seahorse,256,32,no,7,0.004481709
mandelbrot_omp,seahorse,256,32,no,8,0.004315867
mandelbrot_omp,seahorse,256,32,no,9,0.004389557
mandelbrot_omp,seahorse,256,32,no,10,0.004397988
mandelbrot_omp,elephant,256,1,no,1,0.033848096
mandelbrot_omp,elephant,256,1,no,2,0.034052509
mandelbrot_omp,elephant,256,1,no,3,0.033947918
mandelbrot_omp,elephant,256,1,no,4,0.033786855
mandelbrot_omp,elephant,256,1,no,5,0.033849526
mandelbrot_omp,elephant,256,1,no,6,0.033845137
mandelbrot_omp,elephant,256,1,no,7,0.033841987
mandelbrot_omp,elephant,256,1,no,8,0.033833417
mandelbrot_omp,elephant,256,1,no,9,0.033903977
mandelbrot_omp,elephant,256,1,no,10,0.033962008
mandelbrot_omp,elephant,256,2,no,1,0.017685103
mandelbrot_omp,elephant,256,2,no,2,0.017718303
mandelbrot_omp,elephant,256,2,no,3,0.017659693
mandelbrot_omp,elephant,256,2,no,4,0.017718464
mandelbrot_omp,elephant,256,2,no,5,0.017806345
mandelbrot_omp,elephant,256,2,no,6,0.017757155
mandelbrot_omp,elephant,256,2,no,7,0.017574562
mandelbrot_omp,elephant,256,2,no,8,0.017541581
mandelbrot_omp,elephant,256,2,no,9,0.017716473
mandelbrot_omp,elephant,256,2,no,10,0.017615242
mandelbrot_omp,elephant,256,4,no,1,0.010765522
mandelbrot_omp,elephant,256,4,no,2,0.010735112
mandelbrot_omp,elephant,256,4,no,3,0.010784873
mandelbrot_omp,elephant,256,4,no,4,0.010798003
mandelbrot_omp,elephant,256,4,no,5,0.010705121
mandelbrot_omp,elephant,256,4,no,6,0.010832073
mandelbrot_omp,elephant,256,4,no,7,0.010799243
mandelbrot_omp,elephant,256,4,no,8,0.011143317
mandelbrot_omp,elephant,256,4,no,9,0.010768153
mandelbrot_omp,elephant,256,4,no,10,0.010775882
mandelbrot_omp,elephant,256,8,no,1,0.006530166
mandelbrot_omp,elephant,256,8,no,2,0.006484386
mandelbrot_omp,elephant,256,8,no,3,0.006597677
mandelbrot_omp,elephant,256,8,no,4,0.006529596
mandelbrot_omp,elephant,256,8,no,5,0.006454105
mandelbrot_omp,elephant,256,8,no,6,0.006511456
mandelbrot_omp,elephant,256,8,no,7,0.006496695
mandelbrot_omp,elephant,256,8,no,8,0.006437815
mandelbrot_omp,elephant,256,8,no,9,0.006443945
mandelbrot_omp,elephant,256,8,no,10,0.006461515
mandelbrot_omp,elephant,256,16,no,1,0.004585640
mandelbrot_omp,elephant,256,16,no,2,0.004440738
mandelbrot_omp,elephant,256,16,no,3,0.004671262
mandelbrot_omp,elephant,256,16,no,4,0.004616581
mandelbrot_omp,elephant,256,16,no,5,0.004714032
mandelbrot_omp,elephant,256,16,no,6,0.004714403
mandelbrot_omp,elephant,256,16,no,7,0.004603670
mandelbrot_omp,elephant,256,16,no,8,0.004630811
mandelbrot_omp,elephant,256,16,no,9,0.004606381
mandelbrot_omp,elephant,256,16,no,10,0.004492689
mandelbrot_omp,elephant,256,32,no,1,0.004944805
mandelbrot_omp,elephant,256,32,no,2,0.004172095
mandelbrot_omp,elephant,256,32,no,3,0.004295037
mandelbrot_omp,elephant,256,32,no,4,0.004147135
mandelbrot_omp,elephant,256,32,no,5,0.004507550
mandelbrot_omp,elephant,256,32,no,6,0.004487340
mandelbrot_omp,elephant,256,32,no,7,0.004406768
mandelbrot_omp,elephant,256,32,no,8,0.004508010
mandelbrot_omp,elephant,256,32,no,9,0.004450389
mandelbrot_omp,elephant,256,32,no,10,0.004427889
mandelbrot_omp,triple_spiral,256,1,no,1,0.040636276
mandelbrot_omp,triple_spiral,256,1,no,2,0.040628366
mandelbrot_omp,triple_spiral,256,1,no,3,0.040691267
mandelbrot_omp,triple_spiral,256,1,no,4,0.040731028
mandelbrot_omp,triple_spiral,256,1,no,5,0.040643706
mandelbrot_omp,triple_spiral,256,1,no,6,0.040639856
mandelbrot_omp,triple_spiral,256,1,no,7,0.040623366
mandelbrot_omp,triple_spiral,256,1,no,8,0.040665946
mandelbrot_omp,triple_spiral,256,1,no,9,0.040675677
mandelbrot_omp,triple_spiral,256,1,no,10,0.040692347
mandelbrot_omp,triple_spiral,256,2,no,1,0.022301114
mandelbrot_omp,triple_spiral,256,2,no,2,0.022423596
mandelbrot_omp,triple_spiral,256,2,no,3,0.022384065
mandelbrot_omp,triple_spiral,256,2,no,4,0.022195663
mandelbrot_omp,triple_spiral,256,2,no,5,0.022401055
mandelbrot_omp,triple_spiral,256,2,no,6,0.022255173
mandelbrot_omp,triple_spiral,256,2,no,7,0.022257094
mandelbrot_omp,triple_spiral,256,2,no,8,0.022229783
mandelbrot_omp,triple_spiral,256,2,no,9,0.022238163
mandelbrot_omp,triple_spiral,256,2,no,10,0.022146092
mandelbrot_omp,triple_spiral,256,4,no,1,0.012107620
mandelbrot_omp,triple_spiral,256,4,no,2,0.012122250
mandelbrot_omp,triple_spiral,256,4,no,3,0.012126530
mandelbrot_omp,triple_spiral,256,4,no,4,0.012036248
mandelbrot_omp,triple_spiral,256,4,no,5,0.012121810
mandelbrot_omp,triple_spiral,256,4,no,6,0.011968098
mandelbrot_omp,triple_spiral,256,4,no,7,0.012084259
mandelbrot_omp,triple_spiral,256,4,no,8,0.012115950
mandelbrot_omp,triple_spiral,256,4,no,9,0.012091090
mandelbrot_omp,triple_spiral,256,4,no,10,0.012076899
mandelbrot_omp,triple_spiral,256,8,no,1,0.007001872
mandelbrot_omp,triple_spiral,256,8,no,2,0.007011532
mandelbrot_omp,triple_spiral,256,8,no,3,0.006979832
mandelbrot_omp,triple_spiral,256,8,no,4,0.006937591
mandelbrot_omp,triple_spiral,256,8,no,5,0.006939442
mandelbrot_omp,triple_spiral,256,8,no,6,0.006976782
mandelbrot_omp,triple_spiral,256,8,no,7,0.007582650
mandelbrot_omp,triple_spiral,256,8,no,8,0.006898841
mandelbrot_omp,triple_spiral,256,8,no,9,0.006919932
mandelbrot_omp,triple_spiral,256,8,no,10,0.006953101
mandelbrot_omp,triple_spiral,256,16,no,1,0.005556143
mandelbrot_omp,triple_spiral,256,16,no,2,0.005663525
mandelbrot_omp,triple_spiral,256,16,no,3,0.005094787
mandelbrot_omp,triple_spiral,256,16,no,4,0.004844144
mandelbrot_omp,triple_spiral,256,16,no,5,0.004797244
mandelbrot_omp,triple_spiral,256,16,no,6,0.004754233
mandelbrot_omp,triple_spiral,256,16,no,7,0.005296120
mandelbrot_omp,triple_spiral,256,16,no,8,0.004590031
mandelbrot_omp,triple_spiral,256,16,no,9,0.004615961
mandelbrot_omp,triple_spiral,256,16,no,10,0.004701682
mandelbrot_omp,triple_spiral,256,32,no,1,0.005556133
mandelbrot_omp,triple_spiral,256,32,no,2,0.004355877
mandelbrot_omp,triple_spiral,256,32,no,3,0.004854234
mandelbrot_omp,triple_spiral,256,32,no,4,0.004436328
mandelbrot_omp,triple_spiral,256,32,no,5,0.004500379
mandelbrot_omp,triple_spiral,256,32,no,6,0.004516230
mandelbrot_omp,triple_spiral,256,32,no,7,0.004511009
mandelbrot_omp,triple_spiral,256,32,no,8,0.004522710
mandelbrot_omp,triple_spiral,256,32,no,9,0.004271007
mandelbrot_omp,triple_spiral,256,32,no,10,0.004276216
mandelbrot_omp,full,512,1,no,1,0.019701820
mandelbrot_omp,full,512,1,no,2,0.019626519
mandelbrot_omp,full,512,1,no,3,0.019725380
mandelbrot_omp,full,512,1,no,4,0.019666979
mandelbrot_omp,full,512,1,no,5,0.019625309
mandelbrot_omp,full,512,1,no,6,0.019669450
mandelbrot_omp,full,512,1,no,7,0.019664860
mandelbrot_omp,full,512,1,no,8,0.019624519
mandelbrot_omp,full,512,1,no,9,0.019551787
mandelbrot_omp,full,512,1,no,10,0.019645609
mandelbrot_omp,full,512,2,no,1,0.010486638
mandelbrot_omp,full,512,2,no,2,0.010529399
mandelbrot_omp,full,512,2,no,3,0.010497398
mandelbrot_omp,full,512,2,no,4,0.010464858
mandelbrot_omp,full,512,2,no,5,0.010519418
mandelbrot_omp,full,512,2,no,6,0.010474228
mandelbrot_omp,full,512,2,no,7,0.010814173
mandelbrot_omp,full,512,2,no,8,0.010490118
mandelbrot_omp,full,512,2,no,9,0.010540099
mandelbrot_omp,full,512,2,no,10,0.010528899
mandelbrot_omp,full,512,4,no,1,0.010446378
mandelbrot_omp,full,512,4,no,2,0.010415188
mandelbrot_omp,full,512,4,no,3,0.010422367
mandelbrot_omp,full,512,4,no,4,0.010378927
mandelbrot_omp,full,512,4,no,5,0.010498398
mandelbrot_omp,full,512,4,no,6,0.010430598
mandelbrot_omp,full,512,4,no,7,0.010500708
mandelbrot_omp,full,512,4,no,8,0.010462418
mandelbrot_omp,full,512,4,no,9,0.010481019
mandelbrot_omp,full,512,4,no,10,0.010490258
mandelbrot_omp,full,512,8,no,1,0.009794839
mandelbrot_omp,full,512,8,no,2,0.008861666
mandelbrot_omp,full,512,8,no,3,0.009012279
mandelbrot_omp,full,512,8,no,4,0.008876447
mandelbrot_omp,full,512,8,no,5,0.008798316
mandelbrot_omp,full,512,8,no,6,0.009033119
mandelbrot_omp,full,512,8,no,7,0.008868517
mandelbrot_omp,full,512,8,no,8,0.008964318
mandelbrot_omp,full,512,8,no,9,0.008904877
mandelbrot_omp,full,512,8,no,10,0.008933127
mandelbrot_omp,full,512,16,no,1,0.006432675
mandelbrot_omp,full,512,16,no,2,0.007399317
mandelbrot_omp,full,512,16,no,3,0.006303493
mandelbrot_omp,full,512,16,no,4,0.006314073
mandelbrot_omp,full,512,16,no,5,0.006290103
mandelbrot_omp,full,512,16,no,6,0.006630737
mandelbrot_omp,full,512,16,no,7,0.006500886
mandelbrot_omp,full,512,16,no,8,0.006404084
mandelbrot_omp,full,512,16,no,9,0.006488256
mandelbrot_omp,full,512,16,no,10,0.006548576
mandelbrot_omp,full,512,32,no,1,0.005287380
mandelbrot_omp,full,512,32,no,2,0.005246069
mandelbrot_omp,full,512,32,no,3,0.005392311
mandelbrot_omp,full,512,32,no,4,0.005186538
mandelbrot_omp,full,512,32,no,5,0.005182518
mandelbrot_omp,full,512,32,no,6,0.005323890
mandelbrot_omp,full,512,32,no,7,0.005569964
mandelbrot_omp,full,512,32,no,8,0.005378920
mandelbrot_omp,full,512,32,no,9,0.005456102
mandelbrot_omp,full,512,32,no,10,0.005336950
mandelbrot_omp,seahorse,512,1,no,1,0.139617851
mandelbrot_omp,seahorse,512,1,no,2,0.139631961
mandelbrot_omp,seahorse,512,1,no,3,0.140002066
mandelbrot_omp,seahorse,512,1,no,4,0.139716392
mandelbrot_omp,seahorse,512,1,no,5,0.139755642
mandelbrot_omp,seahorse,512,1,no,6,0.139566150
mandelbrot_omp,seahorse,512,1,no,7,0.140493622
mandelbrot_omp,seahorse,512,1,no,8,0.139650131
mandelbrot_omp,seahorse,512,1,no,9,0.139631641
mandelbrot_omp,seahorse,512,1,no,10,0.139674922
mandelbrot_omp,seahorse,512,2,no,1,0.079541869
mandelbrot_omp,seahorse,512,2,no,2,0.079614519
mandelbrot_omp,seahorse,512,2,no,3,0.079567018
mandelbrot_omp,seahorse,512,2,no,4,0.079531668
mandelbrot_omp,seahorse,512,2,no,5,0.079446477
mandelbrot_omp,seahorse,512,2,no,6,0.079632640
mandelbrot_omp,seahorse,512,2,no,7,0.079445407
mandelbrot_omp,seahorse,512,2,no,8,0.079526418
mandelbrot_omp,seahorse,512,2,no,9,0.079582199
mandelbrot_omp,seahorse,512,2,no,10,0.079401297
mandelbrot_omp,seahorse,512,4,no,1,0.042119465
mandelbrot_omp,seahorse,512,4,no,2,0.042126275
mandelbrot_omp,seahorse,512,4,no,3,0.042173156
mandelbrot_omp,seahorse,512,4,no,4,0.042181976
mandelbrot_omp,seahorse,512,4,no,5,0.042069775
mandelbrot_omp,seahorse,512,4,no,6,0.042148465
mandelbrot_omp,seahorse,512,4,no,7,0.042176446
mandelbrot_omp,seahorse,512,4,no,8,0.042151426
mandelbrot_omp,seahorse,512,4,no,9,0.042028854
mandelbrot_omp,seahorse,512,4,no,10,0.042217517
mandelbrot_omp,seahorse,512,8,no,1,0.022397186
mandelbrot_omp,seahorse,512,8,no,2,0.023306807
mandelbrot_omp,seahorse,512,8,no,3,0.022221893
mandelbrot_omp,seahorse,512,8,no,4,0.022463886
mandelbrot_omp,seahorse,512,8,no,5,0.022456646
mandelbrot_omp,seahorse,512,8,no,6,0.023076824
mandelbrot_omp,seahorse,512,8,no,7,0.022327164
mandelbrot_omp,seahorse,512,8,no,8,0.022614848
mandelbrot_omp,seahorse,512,8,no,9,0.022240783
mandelbrot_omp,seahorse,512,8,no,10,0.022719460
mandelbrot_omp,seahorse,512,16,no,1,0.013369356
mandelbrot_omp,seahorse,512,16,no,2,0.012601416
mandelbrot_omp,seahorse,512,16,no,3,0.013070582
mandelbrot_omp,seahorse,512,16,no,4,0.012617866
mandelbrot_omp,seahorse,512,16,no,5,0.012525035
mandelbrot_omp,seahorse,512,16,no,6,0.012344612
mandelbrot_omp,seahorse,512,16,no,7,0.012534146
mandelbrot_omp,seahorse,512,16,no,8,0.012487864
mandelbrot_omp,seahorse,512,16,no,9,0.012621266
mandelbrot_omp,seahorse,512,16,no,10,0.012534115
mandelbrot_omp,seahorse,512,32,no,1,0.008412201
mandelbrot_omp,seahorse,512,32,no,2,0.008214308
mandelbrot_omp,seahorse,512,32,no,3,0.008207118
mandelbrot_omp,seahorse,512,32,no,4,0.008112427
mandelbrot_omp,seahorse,512,32,no,5,0.008363711
mandelbrot_omp,seahorse,512,32,no,6,0.008427361
mandelbrot_omp,seahorse,512,32,no,7,0.008659624
mandelbrot_omp,seahorse,512,32,no,8,0.009078520
mandelbrot_omp,seahorse,512,32,no,9,0.008380690
mandelbrot_omp,seahorse,512,32,no,10,0.008248659
mandelbrot_omp,elephant,512,1,no,1,0.131816227
mandelbrot_omp,elephant,512,1,no,2,0.131937768
mandelbrot_omp,elephant,512,1,no,3,0.131922359
mandelbrot_omp,elephant,512,1,no,4,0.131642525
mandelbrot_omp,elephant,512,1,no,5,0.131985689
mandelbrot_omp,elephant,512,1,no,6,0.131643675
mandelbrot_omp,elephant,512,1,no,7,0.131967059
mandelbrot_omp,elephant,512,1,no,8,0.131980599
mandelbrot_omp,elephant,512,1,no,9,0.131647105
mandelbrot_omp,elephant,512,1,no,10,0.133113154
mandelbrot_omp,elephant,512,2,no,1,0.066707899
mandelbrot_omp,elephant,512,2,no,2,0.067318477
mandelbrot_omp,elephant,512,2,no,3,0.067438359
mandelbrot_omp,elephant,512,2,no,4,0.066723079
mandelbrot_omp,elephant,512,2,no,5,0.067231386
mandelbrot_omp,elephant,512,2,no,6,0.066751239
mandelbrot_omp,elephant,512,2,no,7,0.066949292
mandelbrot_omp,elephant,512,2,no,8,0.068166238
mandelbrot_omp,elephant,512,2,no,9,0.066772570
mandelbrot_omp,elephant,512,2,no,10,0.067896504
mandelbrot_omp,elephant,512,4,no,1,0.039228277
mandelbrot_omp,elephant,512,4,no,2,0.038984923
mandelbrot_omp,elephant,512,4,no,3,0.039695703
mandelbrot_omp,elephant,512,4,no,4,0.040105659
mandelbrot_omp,elephant,512,4,no,5,0.038976263
mandelbrot_omp,elephant,512,4,no,6,0.039146305
mandelbrot_omp,elephant,512,4,no,7,0.038990073
mandelbrot_omp,elephant,512,4,no,8,0.038977454
mandelbrot_omp,elephant,512,4,no,9,0.040045588
mandelbrot_omp,elephant,512,4,no,10,0.039046354
mandelbrot_omp,elephant,512,8,no,1,0.021469182
mandelbrot_omp,elephant,512,8,no,2,0.022234533
mandelbrot_omp,elephant,512,8,no,3,0.021345991
mandelbrot_omp,elephant,512,8,no,4,0.021114348
mandelbrot_omp,elephant,512,8,no,5,0.021264380
mandelbrot_omp,elephant,512,8,no,6,0.021400982
mandelbrot_omp,elephant,512,8,no,7,0.021102768
mandelbrot_omp,elephant,512,8,no,8,0.021243169
mandelbrot_omp,elephant,512,8,no,9,0.021181909
mandelbrot_omp,elephant,512,8,no,10,0.021254950
mandelbrot_omp,elephant,512,16,no,1,0.012803898
mandelbrot_omp,elephant,512,16,no,2,0.012093910
mandelbrot_omp,elephant,512,16,no,3,0.012120400
mandelbrot_omp,elephant,512,16,no,4,0.012172001
mandelbrot_omp,elephant,512,16,no,5,0.012372623
mandelbrot_omp,elephant,512,16,no,6,0.012487795
mandelbrot_omp,elephant,512,16,no,7,0.012197570
mandelbrot_omp,elephant,512,16,no,8,0.012259551
mandelbrot_omp,elephant,512,16,no,9,0.012239231
mandelbrot_omp,elephant,512,16,no,10,0.012105519
mandelbrot_omp,elephant,512,32,no,1,0.009614666
mandelbrot_omp,elephant,512,32,no,2,0.008484352
mandelbrot_omp,elephant,512,32,no,3,0.008343330
mandelbrot_omp,elephant,512,32,no,4,0.008408010
mandelbrot_omp,elephant,512,32,no,5,0.008349680
mandelbrot_omp,elephant,512,32,no,6,0.008405921
mandelbrot_omp,elephant,512,32,no,7,0.008219679
mandelbrot_omp,elephant,512,32,no,8,0.008185177
mandelbrot_omp,elephant,512,32,no,9,0.008014776
mandelbrot_omp,elephant,512,32,no,10,0.008401661
mandelbrot_omp,triple_spiral,512,1,no,1,0.158955364
mandelbrot_omp,triple_spiral,512,1,no,2,0.159228867
mandelbrot_omp,triple_spiral,512,1,no,3,0.159367879
mandelbrot_omp,triple_spiral,512,1,no,4,0.158931173
mandelbrot_omp,triple_spiral,512,1,no,5,0.159021284
mandelbrot_omp,triple_spiral,512,1,no,6,0.159060765
mandelbrot_omp,triple_spiral,512,1,no,7,0.158927902
mandelbrot_omp,triple_spiral,512,1,no,8,0.159315048
mandelbrot_omp,triple_spiral,512,1,no,9,0.159067224
mandelbrot_omp,triple_spiral,512,1,no,10,0.158961353
mandelbrot_omp,triple_spiral,512,2,no,1,0.085509226
mandelbrot_omp,triple_spiral,512,2,no,2,0.085293833
mandelbrot_omp,triple_spiral,512,2,no,3,0.085237242
mandelbrot_omp,triple_spiral,512,2,no,4,0.085879991
mandelbrot_omp,triple_spiral,512,2,no,5,0.085363363
mandelbrot_omp,triple_spiral,512,2,no,6,0.085237982
mandelbrot_omp,triple_spiral,512,2,no,7,0.085320803
mandelbrot_omp,triple_spiral,512,2,no,8,0.085628157
mandelbrot_omp,triple_spiral,512,2,no,9,0.085221372
mandelbrot_omp,triple_spiral,512,2,no,10,0.085856980
mandelbrot_omp,triple_spiral,512,4,no,1,0.044363984
mandelbrot_omp,triple_spiral,512,4,no,2,0.044062681
mandelbrot_omp,triple_spiral,512,4,no,3,0.044804250
mandelbrot_omp,triple_spiral,512,4,no,4,0.045081904
mandelbrot_omp,triple_spiral,512,4,no,5,0.044726209
mandelbrot_omp,triple_spiral,512,4,no,6,0.044318834
mandelbrot_omp,triple_spiral,512,4,no,7,0.044138311
mandelbrot_omp,triple_spiral,512,4,no,8,0.044611807
mandelbrot_omp,triple_spiral,512,4,no,9,0.044318643
mandelbrot_omp,triple_spiral,512,4,no,10,0.044446845
mandelbrot_omp,triple_spiral,512,8,no,1,0.023097785
mandelbrot_omp,triple_spiral,512,8,no,2,0.022986242
mandelbrot_omp,triple_spiral,512,8,no,3,0.024262850
mandelbrot_omp,triple_spiral,512,8,no,4,0.023569830
mandelbrot_omp,triple_spiral,512,8,no,5,0.023063264
mandelbrot_omp,triple_spiral,512,8,no,6,0.022960963
mandelbrot_omp,triple_spiral,512,8,no,7,0.023106364
mandelbrot_omp,triple_spiral,512,8,no,8,0.023743712
mandelbrot_omp,triple_spiral,512,8,no,9,0.023619751
mandelbrot_omp,triple_spiral,512,8,no,10,0.023076114
mandelbrot_omp,triple_spiral,512,16,no,1,0.012647776
mandelbrot_omp,triple_spiral,512,16,no,2,0.012947160
mandelbrot_omp,triple_spiral,512,16,no,3,0.012988961
mandelbrot_omp,triple_spiral,512,16,no,4,0.013398047
mandelbrot_omp,triple_spiral,512,16,no,5,0.012803749
mandelbrot_omp,triple_spiral,512,16,no,6,0.012584446
mandelbrot_omp,triple_spiral,512,16,no,7,0.012597396
mandelbrot_omp,triple_spiral,512,16,no,8,0.012626976
mandelbrot_omp,triple_spiral,512,16,no,9,0.012925140
mandelbrot_omp,triple_spiral,512,16,no,10,0.013968883
mandelbrot_omp,triple_spiral,512,32,no,1,0.008725685
mandelbrot_omp,triple_spiral,512,32,no,2,0.008305629
mandelbrot_omp,triple_spiral,512,32,no,3,0.008214288
mandelbrot_omp,triple_spiral,512,32,no,4,0.008163837
mandelbrot_omp,triple_spiral,512,32,no,5,0.008132317
mandelbrot_omp,triple_spiral,512,32,no,6,0.008139157
mandelbrot_omp,triple_spiral,512,32,no,7,0.008135417
mandelbrot_omp,triple_spiral,512,32,no,8,0.008396481
mandelbrot_omp,triple_spiral,512,32,no,9,0.008258139
mandelbrot_omp,triple_spiral,512,32,no,10,0.008125827
mandelbrot_omp,full,1024,1,no,1,0.074708593
mandelbrot_omp,full,1024,1,no,2,0.074783924
mandelbrot_omp,full,1024,1,no,3,0.074954036
mandelbrot_omp,full,1024,1,no,4,0.075184920
mandelbrot_omp,full,1024,1,no,5,0.075210520
mandelbrot_omp,full,1024,1,no,6,0.075100208
mandelbrot_omp,full,1024,1,no,7,0.075639656
mandelbrot_omp,full,1024,1,no,8,0.075684907
mandelbrot_omp,full,1024,1,no,9,0.075095849
mandelbrot_omp,full,1024,1,no,10,0.075127679
mandelbrot_omp,full,1024,2,no,1,0.038617838
mandelbrot_omp,full,1024,2,no,2,0.038614489
mandelbrot_omp,full,1024,2,no,3,0.038406096
mandelbrot_omp,full,1024,2,no,4,0.039433289
mandelbrot_omp,full,1024,2,no,5,0.038336314
mandelbrot_omp,full,1024,2,no,6,0.038796401
mandelbrot_omp,full,1024,2,no,7,0.039143975
mandelbrot_omp,full,1024,2,no,8,0.038672789
mandelbrot_omp,full,1024,2,no,9,0.038538847
mandelbrot_omp,full,1024,2,no,10,0.038667119
mandelbrot_omp,full,1024,4,no,1,0.038999654
mandelbrot_omp,full,1024,4,no,2,0.037916989
mandelbrot_omp,full,1024,4,no,3,0.037764827
mandelbrot_omp,full,1024,4,no,4,0.038302624
mandelbrot_omp,full,1024,4,no,5,0.037916749
mandelbrot_omp,full,1024,4,no,6,0.037947860
mandelbrot_omp,full,1024,4,no,7,0.037917199
mandelbrot_omp,full,1024,4,no,8,0.037968940
mandelbrot_omp,full,1024,4,no,9,0.037958490
mandelbrot_omp,full,1024,4,no,10,0.038142942
mandelbrot_omp,full,1024,8,no,1,0.031180111
mandelbrot_omp,full,1024,8,no,2,0.031098429
mandelbrot_omp,full,1024,8,no,3,0.032111823
mandelbrot_omp,full,1024,8,no,4,0.031094880
mandelbrot_omp,full,1024,8,no,5,0.030960967
mandelbrot_omp,full,1024,8,no,6,0.031121649
mandelbrot_omp,full,1024,8,no,7,0.031036618
mandelbrot_omp,full,1024,8,no,8,0.030919257
mandelbrot_omp,full,1024,8,no,9,0.031586356
mandelbrot_omp,full,1024,8,no,10,0.030920447
mandelbrot_omp,full,1024,16,no,1,0.020798544
mandelbrot_omp,full,1024,16,no,2,0.019777691
mandelbrot_omp,full,1024,16,no,3,0.019651469
mandelbrot_omp,full,1024,16,no,4,0.019492336
mandelbrot_omp,full,1024,16,no,5,0.020024813
mandelbrot_omp,full,1024,16,no,6,0.019597738
mandelbrot_omp,full,1024,16,no,7,0.019555707
mandelbrot_omp,full,1024,16,no,8,0.019469766
mandelbrot_omp,full,1024,16,no,9,0.019710959
mandelbrot_omp,full,1024,16,no,10,0.019596698
mandelbrot_omp,full,1024,32,no,1,0.012793018
mandelbrot_omp,full,1024,32,no,2,0.012778059
mandelbrot_omp,full,1024,32,no,3,0.013136432
mandelbrot_omp,full,1024,32,no,4,0.012863989
mandelbrot_omp,full,1024,32,no,5,0.012637497
mandelbrot_omp,full,1024,32,no,6,0.011887487
mandelbrot_omp,full,1024,32,no,7,0.011936457
mandelbrot_omp,full,1024,32,no,8,0.011833546
mandelbrot_omp,full,1024,32,no,9,0.011909656
mandelbrot_omp,full,1024,32,no,10,0.011873847
mandelbrot_omp,seahorse,1024,1,no,1,0.554437625
mandelbrot_omp,seahorse,1024,1,no,2,0.554134520
mandelbrot_omp,seahorse,1024,1,no,3,0.554980961
mandelbrot_omp,seahorse,1024,1,no,4,0.567124850
mandelbrot_omp,seahorse,1024,1,no,5,0.554599404
mandelbrot_omp,seahorse,1024,1,no,6,0.554805027
mandelbrot_omp,seahorse,1024,1,no,7,0.554660733
mandelbrot_omp,seahorse,1024,1,no,8,0.554460111
mandelbrot_omp,seahorse,1024,1,no,9,0.553741370
mandelbrot_omp,seahorse,1024,1,no,10,0.553787720
mandelbrot_omp,seahorse,1024,2,no,1,0.314016187
mandelbrot_omp,seahorse,1024,2,no,2,0.313869116
mandelbrot_omp,seahorse,1024,2,no,3,0.313901976
mandelbrot_omp,seahorse,1024,2,no,4,0.313830495
mandelbrot_omp,seahorse,1024,2,no,5,0.314248350
mandelbrot_omp,seahorse,1024,2,no,6,0.313960327
mandelbrot_omp,seahorse,1024,2,no,7,0.314729036
mandelbrot_omp,seahorse,1024,2,no,8,0.313999726
mandelbrot_omp,seahorse,1024,2,no,9,0.313700903
mandelbrot_omp,seahorse,1024,2,no,10,0.313901824
mandelbrot_omp,seahorse,1024,4,no,1,0.163917154
mandelbrot_omp,seahorse,1024,4,no,2,0.163801412
mandelbrot_omp,seahorse,1024,4,no,3,0.164456771
mandelbrot_omp,seahorse,1024,4,no,4,0.163848343
mandelbrot_omp,seahorse,1024,4,no,5,0.163885453
mandelbrot_omp,seahorse,1024,4,no,6,0.164642333
mandelbrot_omp,seahorse,1024,4,no,7,0.164030375
mandelbrot_omp,seahorse,1024,4,no,8,0.163775591
mandelbrot_omp,seahorse,1024,4,no,9,0.164598922
mandelbrot_omp,seahorse,1024,4,no,10,0.164072396
mandelbrot_omp,seahorse,1024,8,no,1,0.084417159
mandelbrot_omp,seahorse,1024,8,no,2,0.084218726
mandelbrot_omp,seahorse,1024,8,no,3,0.085100048
mandelbrot_omp,seahorse,1024,8,no,4,0.085287560
mandelbrot_omp,seahorse,1024,8,no,5,0.084441599
mandelbrot_omp,seahorse,1024,8,no,6,0.083969083
mandelbrot_omp,seahorse,1024,8,no,7,0.083982773
mandelbrot_omp,seahorse,1024,8,no,8,0.084828025
mandelbrot_omp,seahorse,1024,8,no,9,0.084311587
mandelbrot_omp,seahorse,1024,8,no,10,0.084135175
mandelbrot_omp,seahorse,1024,16,no,1,0.043541732
mandelbrot_omp,seahorse,1024,16,no,2,0.043479432
mandelbrot_omp,seahorse,1024,16,no,3,0.044705227
mandelbrot_omp,seahorse,1024,16,no,4,0.043508741
mandelbrot_omp,seahorse,1024,16,no,5,0.043793625
mandelbrot_omp,seahorse,1024,16,no,6,0.043431521
mandelbrot_omp,seahorse,1024,16,no,7,0.043396180
mandelbrot_omp,seahorse,1024,16,no,8,0.043786155
mandelbrot_omp,seahorse,1024,16,no,9,0.043541802
mandelbrot_omp,seahorse,1024,16,no,10,0.043814575
mandelbrot_omp,seahorse,1024,32,no,1,0.023744082
mandelbrot_omp,seahorse,1024,32,no,2,0.023793583
mandelbrot_omp,seahorse,1024,32,no,3,0.024075176
mandelbrot_omp,seahorse,1024,32,no,4,0.024112757
mandelbrot_omp,seahorse,1024,32,no,5,0.023837903
mandelbrot_omp,seahorse,1024,32,no,6,0.023697021
mandelbrot_omp,seahorse,1024,32,no,7,0.023631730
mandelbrot_omp,seahorse,1024,32,no,8,0.024155878
mandelbrot_omp,seahorse,1024,32,no,9,0.024057076
mandelbrot_omp,seahorse,1024,32,no,10,0.023767202
mandelbrot_omp,elephant,1024,1,no,1,0.521866153
mandelbrot_omp,elephant,1024,1,no,2,0.521790442
mandelbrot_omp,elephant,1024,1,no,3,0.522020494
mandelbrot_omp,elephant,1024,1,no,4,0.522000873
mandelbrot_omp,elephant,1024,1,no,5,0.521775509
mandelbrot_omp,elephant,1024,1,no,6,0.522041493
mandelbrot_omp,elephant,1024,1,no,7,0.522343856
mandelbrot_omp,elephant,1024,1,no,8,0.523094206
mandelbrot_omp,elephant,1024,1,no,9,0.521901949
mandelbrot_omp,elephant,1024,1,no,10,0.522117332
mandelbrot_omp,elephant,1024,2,no,1,0.262030888
mandelbrot_omp,elephant,1024,2,no,2,0.261968507
mandelbrot_omp,elephant,1024,2,no,3,0.262205120
mandelbrot_omp,elephant,1024,2,no,4,0.261963517
mandelbrot_omp,elephant,1024,2,no,5,0.261914946
mandelbrot_omp,elephant,1024,2,no,6,0.262732887
mandelbrot_omp,elephant,1024,2,no,7,0.261889456
mandelbrot_omp,elephant,1024,2,no,8,0.261753254
mandelbrot_omp,elephant,1024,2,no,9,0.262117408
mandelbrot_omp,elephant,1024,2,no,10,0.261925776
mandelbrot_omp,elephant,1024,4,no,1,0.151500827
mandelbrot_omp,elephant,1024,4,no,2,0.152446009
mandelbrot_omp,elephant,1024,4,no,3,0.151412075
mandelbrot_omp,elephant,1024,4,no,4,0.151515937
mandelbrot_omp,elephant,1024,4,no,5,0.151323505
mandelbrot_omp,elephant,1024,4,no,6,0.151392426
mandelbrot_omp,elephant,1024,4,no,7,0.151396476
mandelbrot_omp,elephant,1024,4,no,8,0.151358975
mandelbrot_omp,elephant,1024,4,no,9,0.151323214
mandelbrot_omp,elephant,1024,4,no,10,0.152310877
mandelbrot_omp,elephant,1024,8,no,1,0.079646974
mandelbrot_omp,elephant,1024,8,no,2,0.079806727
mandelbrot_omp,elephant,1024,8,no,3,0.079795186
mandelbrot_omp,elephant,1024,8,no,4,0.079743065
mandelbrot_omp,elephant,1024,8,no,5,0.080658267
mandelbrot_omp,elephant,1024,8,no,6,0.079685105
mandelbrot_omp,elephant,1024,8,no,7,0.079615824
mandelbrot_omp,elephant,1024,8,no,8,0.079877438
mandelbrot_omp,elephant,1024,8,no,9,0.080153821
mandelbrot_omp,elephant,1024,8,no,10,0.079593834
mandelbrot_omp,elephant,1024,16,no,1,0.042287225
mandelbrot_omp,elephant,1024,16,no,2,0.042911943
mandelbrot_omp,elephant,1024,16,no,3,0.042628299
mandelbrot_omp,elephant,1024,16,no,4,0.042293235
mandelbrot_omp,elephant,1024,16,no,5,0.042622878
mandelbrot_omp,elephant,1024,16,no,6,0.042754821
mandelbrot_omp,elephant,1024,16,no,7,0.042265705
mandelbrot_omp,elephant,1024,16,no,8,0.043681143
mandelbrot_omp,elephant,1024,16,no,9,0.043548691
mandelbrot_omp,elephant,1024,16,no,10,0.042733651
mandelbrot_omp,elephant,1024,32,no,1,0.024861496
mandelbrot_omp,elephant,1024,32,no,2,0.024107856
mandelbrot_omp,elephant,1024,32,no,3,0.023899224
mandelbrot_omp,elephant,1024,32,no,4,0.024006064
mandelbrot_omp,elephant,1024,32,no,5,0.024028335
mandelbrot_omp,elephant,1024,32,no,6,0.023813742
mandelbrot_omp,elephant,1024,32,no,7,0.023779372
mandelbrot_omp,elephant,1024,32,no,8,0.024075225
mandelbrot_omp,elephant,1024,32,no,9,0.024083586
mandelbrot_omp,elephant,1024,32,no,10,0.023906994
mandelbrot_omp,triple_spiral,1024,1,no,1,0.631589969
mandelbrot_omp,triple_spiral,1024,1,no,2,0.633004437
mandelbrot_omp,triple_spiral,1024,1,no,3,0.631668109
mandelbrot_omp,triple_spiral,1024,1,no,4,0.631509176
mandelbrot_omp,triple_spiral,1024,1,no,5,0.631733398
mandelbrot_omp,triple_spiral,1024,1,no,6,0.631455204
mandelbrot_omp,triple_spiral,1024,1,no,7,0.631859498
mandelbrot_omp,triple_spiral,1024,1,no,8,0.631533543
mandelbrot_omp,triple_spiral,1024,1,no,9,0.632827459
mandelbrot_omp,triple_spiral,1024,1,no,10,0.632371263
mandelbrot_omp,triple_spiral,1024,2,no,1,0.337512630
mandelbrot_omp,triple_spiral,1024,2,no,2,0.337453090
mandelbrot_omp,triple_spiral,1024,2,no,3,0.337882915
mandelbrot_omp,triple_spiral,1024,2,no,4,0.338098448
mandelbrot_omp,triple_spiral,1024,2,no,5,0.337578830
mandelbrot_omp,triple_spiral,1024,2,no,6,0.336977032
mandelbrot_omp,triple_spiral,1024,2,no,7,0.338408040
mandelbrot_omp,triple_spiral,1024,2,no,8,0.338339929
mandelbrot_omp,triple_spiral,1024,2,no,9,0.336916240
mandelbrot_omp,triple_spiral,1024,2,no,10,0.337008881
mandelbrot_omp,triple_spiral,1024,4,no,1,0.173339039
mandelbrot_omp,triple_spiral,1024,4,no,2,0.173457450
mandelbrot_omp,triple_spiral,1024,4,no,3,0.174019878
mandelbrot_omp,triple_spiral,1024,4,no,4,0.173429539
mandelbrot_omp,triple_spiral,1024,4,no,5,0.173385680
mandelbrot_omp,triple_spiral,1024,4,no,6,0.173458180
mandelbrot_omp,triple_spiral,1024,4,no,7,0.173570582
mandelbrot_omp,triple_spiral,1024,4,no,8,0.173811274
mandelbrot_omp,triple_spiral,1024,4,no,9,0.173641872
mandelbrot_omp,triple_spiral,1024,4,no,10,0.173637262
mandelbrot_omp,triple_spiral,1024,8,no,1,0.088833153
mandelbrot_omp,triple_spiral,1024,8,no,2,0.088711181
mandelbrot_omp,triple_spiral,1024,8,no,3,0.088246305
mandelbrot_omp,triple_spiral,1024,8,no,4,0.089157336
mandelbrot_omp,triple_spiral,1024,8,no,5,0.088148654
mandelbrot_omp,triple_spiral,1024,8,no,6,0.087777489
mandelbrot_omp,triple_spiral,1024,8,no,7,0.087942851
mandelbrot_omp,triple_spiral,1024,8,no,8,0.088096013
mandelbrot_omp,triple_spiral,1024,8,no,9,0.087778909
mandelbrot_omp,triple_spiral,1024,8,no,10,0.087817529
mandelbrot_omp,triple_spiral,1024,16,no,1,0.045902391
mandelbrot_omp,triple_spiral,1024,16,no,2,0.046045292
mandelbrot_omp,triple_spiral,1024,16,no,3,0.046597349
mandelbrot_omp,triple_spiral,1024,16,no,4,0.045576376
mandelbrot_omp,triple_spiral,1024,16,no,5,0.045483635
mandelbrot_omp,triple_spiral,1024,16,no,6,0.045852530
mandelbrot_omp,triple_spiral,1024,16,no,7,0.045236852
mandelbrot_omp,triple_spiral,1024,16,no,8,0.045717488
mandelbrot_omp,triple_spiral,1024,16,no,9,0.045500076
mandelbrot_omp,triple_spiral,1024,16,no,10,0.046347386
mandelbrot_omp,triple_spiral,1024,32,no,1,0.025300691
mandelbrot_omp,triple_spiral,1024,32,no,2,0.024831475
mandelbrot_omp,triple_spiral,1024,32,no,3,0.025037477
mandelbrot_omp,triple_spiral,1024,32,no,4,0.024882366
mandelbrot_omp,triple_spiral,1024,32,no,5,0.025391212
mandelbrot_omp,triple_spiral,1024,32,no,6,0.024945316
mandelbrot_omp,triple_spiral,1024,32,no,7,0.024885265
mandelbrot_omp,triple_spiral,1024,32,no,8,0.024936646
mandelbrot_omp,triple_spiral,1024,32,no,9,0.024870216
mandelbrot_omp,triple_spiral,1024,32,no,10,0.024731914
mandelbrot_omp,full,2048,1,no,1,0.294107297
mandelbrot_omp,full,2048,1,no,2,0.294106818
mandelbrot_omp,full,2048,1,no,3,0.293929104
mandelbrot_omp,full,2048,1,no,4,0.294268109
mandelbrot_omp,full,2048,1,no,5,0.293978836
mandelbrot_omp,full,2048,1,no,6,0.294139177
mandelbrot_omp,full,2048,1,no,7,0.294142697
mandelbrot_omp,full,2048,1,no,8,0.294242688
mandelbrot_omp,full,2048,1,no,9,0.294236527
mandelbrot_omp,full,2048,1,no,10,0.293994425
mandelbrot_omp,full,2048,2,no,1,0.148027386
mandelbrot_omp,full,2048,2,no,2,0.148599183
mandelbrot_omp,full,2048,2,no,3,0.148758986
mandelbrot_omp,full,2048,2,no,4,0.148159617
mandelbrot_omp,full,2048,2,no,5,0.148148517
mandelbrot_omp,full,2048,2,no,6,0.148653264
mandelbrot_omp,full,2048,2,no,7,0.148741145
mandelbrot_omp,full,2048,2,no,8,0.147980145
mandelbrot_omp,full,2048,2,no,9,0.148193338
mandelbrot_omp,full,2048,2,no,10,0.148182568
mandelbrot_omp,full,2048,4,no,1,0.145501322
mandelbrot_omp,full,2048,4,no,2,0.145072746
mandelbrot_omp,full,2048,4,no,3,0.146156921
mandelbrot_omp,full,2048,4,no,4,0.145369471
mandelbrot_omp,full,2048,4,no,5,0.145903027
mandelbrot_omp,full,2048,4,no,6,0.144839863
mandelbrot_omp,full,2048,4,no,7,0.144785642
mandelbrot_omp,full,2048,4,no,8,0.144893244
mandelbrot_omp,full,2048,4,no,9,0.144869323
mandelbrot_omp,full,2048,4,no,10,0.144906364
mandelbrot_omp,full,2048,8,no,1,0.117512476
mandelbrot_omp,full,2048,8,no,2,0.116833607
mandelbrot_omp,full,2048,8,no,3,0.117976102
mandelbrot_omp,full,2048,8,no,4,0.117102360
mandelbrot_omp,full,2048,8,no,5,0.117200591
mandelbrot_omp,full,2048,8,no,6,0.117176261
mandelbrot_omp,full,2048,8,no,7,0.117465585
mandelbrot_omp,full,2048,8,no,8,0.117212742
mandelbrot_omp,full,2048,8,no,9,0.116896138
mandelbrot_omp,full,2048,8,no,10,0.117219522
mandelbrot_omp,full,2048,16,no,1,0.071299722
mandelbrot_omp,full,2048,16,no,2,0.072544168
mandelbrot_omp,full,2048,16,no,3,0.071162020
mandelbrot_omp,full,2048,16,no,4,0.071649506
mandelbrot_omp,full,2048,16,no,5,0.072001901
mandelbrot_omp,full,2048,16,no,6,0.071608196
mandelbrot_omp,full,2048,16,no,7,0.071204650
mandelbrot_omp,full,2048,16,no,8,0.071287102
mandelbrot_omp,full,2048,16,no,9,0.071553625
mandelbrot_omp,full,2048,16,no,10,0.071868689
mandelbrot_omp,full,2048,32,no,1,0.039161582
mandelbrot_omp,full,2048,32,no,2,0.039133801
mandelbrot_omp,full,2048,32,no,3,0.039770609
mandelbrot_omp,full,2048,32,no,4,0.039712129
mandelbrot_omp,full,2048,32,no,5,0.039589977
mandelbrot_omp,full,2048,32,no,6,0.039949282
mandelbrot_omp,full,2048,32,no,7,0.039296733
mandelbrot_omp,full,2048,32,no,8,0.039702689
mandelbrot_omp,full,2048,32,no,9,0.039357495
mandelbrot_omp,full,2048,32,no,10,0.039236943
mandelbrot_omp,seahorse,2048,1,no,1,2.209444553
mandelbrot_omp,seahorse,2048,1,no,2,2.209038079
mandelbrot_omp,seahorse,2048,1,no,3,2.210204815
mandelbrot_omp,seahorse,2048,1,no,4,2.209391575
mandelbrot_omp,seahorse,2048,1,no,5,2.209191812
mandelbrot_omp,seahorse,2048,1,no,6,2.210153817
mandelbrot_omp,seahorse,2048,1,no,7,2.211827980
mandelbrot_omp,seahorse,2048,1,no,8,2.211339693
mandelbrot_omp,seahorse,2048,1,no,9,2.211681749
mandelbrot_omp,seahorse,2048,1,no,10,2.212577652
mandelbrot_omp,seahorse,2048,2,no,1,1.252515721
mandelbrot_omp,seahorse,2048,2,no,2,1.251191211
mandelbrot_omp,seahorse,2048,2,no,3,1.250965485
mandelbrot_omp,seahorse,2048,2,no,4,1.251038854
mandelbrot_omp,seahorse,2048,2,no,5,1.252115335
mandelbrot_omp,seahorse,2048,2,no,6,1.250460351
mandelbrot_omp,seahorse,2048,2,no,7,1.250944494
mandelbrot_omp,seahorse,2048,2,no,8,1.249690244
mandelbrot_omp,seahorse,2048,2,no,9,1.250184158
mandelbrot_omp,seahorse,2048,2,no,10,1.250879884
mandelbrot_omp,seahorse,2048,4,no,1,0.651217236
mandelbrot_omp,seahorse,2048,4,no,2,0.650941742
mandelbrot_omp,seahorse,2048,4,no,3,0.651019542
mandelbrot_omp,seahorse,2048,4,no,4,0.650853639
mandelbrot_omp,seahorse,2048,4,no,5,0.651151902
mandelbrot_omp,seahorse,2048,4,no,6,0.651653408
mandelbrot_omp,seahorse,2048,4,no,7,0.651858130
mandelbrot_omp,seahorse,2048,4,no,8,0.650981538
mandelbrot_omp,seahorse,2048,4,no,9,0.651100899
mandelbrot_omp,seahorse,2048,4,no,10,0.651073177
mandelbrot_omp,seahorse,2048,8,no,1,0.331611567
mandelbrot_omp,seahorse,2048,8,no,2,0.331431615
mandelbrot_omp,seahorse,2048,8,no,3,0.331692348
mandelbrot_omp,seahorse,2048,8,no,4,0.331392474
mandelbrot_omp,seahorse,2048,8,no,5,0.331640947
mandelbrot_omp,seahorse,2048,8,no,6,0.331643277
mandelbrot_omp,seahorse,2048,8,no,7,0.331636527
mandelbrot_omp,seahorse,2048,8,no,8,0.331609956
mandelbrot_omp,seahorse,2048,8,no,9,0.331757778
mandelbrot_omp,seahorse,2048,8,no,10,0.331451133
mandelbrot_omp,seahorse,2048,16,no,1,0.168140523
mandelbrot_omp,seahorse,2048,16,no,2,0.168427516
mandelbrot_omp,seahorse,2048,16,no,3,0.168447847
mandelbrot_omp,seahorse,2048,16,no,4,0.169209817
mandelbrot_omp,seahorse,2048,16,no,5,0.168589659
mandelbrot_omp,seahorse,2048,16,no,6,0.168456387
mandelbrot_omp,seahorse,2048,16,no,7,0.168746781
mandelbrot_omp,seahorse,2048,16,no,8,0.168487567
mandelbrot_omp,seahorse,2048,16,no,9,0.169266857
mandelbrot_omp,seahorse,2048,16,no,10,0.168219404
mandelbrot_omp,seahorse,2048,32,no,1,0.087084380
mandelbrot_omp,seahorse,2048,32,no,2,0.086726095
mandelbrot_omp,seahorse,2048,32,no,3,0.087045180
mandelbrot_omp,seahorse,2048,32,no,4,0.087341324
mandelbrot_omp,seahorse,2048,32,no,5,0.087267812
mandelbrot_omp,seahorse,2048,32,no,6,0.087162391
mandelbrot_omp,seahorse,2048,32,no,7,0.086803606
mandelbrot_omp,seahorse,2048,32,no,8,0.088233815
mandelbrot_omp,seahorse,2048,32,no,9,0.087369794
mandelbrot_omp,seahorse,2048,32,no,10,0.086654894
mandelbrot_omp,elephant,2048,1,no,1,2.081550612
mandelbrot_omp,elephant,2048,1,no,2,2.081444913
mandelbrot_omp,elephant,2048,1,no,3,2.082726272
mandelbrot_omp,elephant,2048,1,no,4,2.083827439
mandelbrot_omp,elephant,2048,1,no,5,2.084199906
mandelbrot_omp,elephant,2048,1,no,6,2.083393408
mandelbrot_omp,elephant,2048,1,no,7,2.086575881
mandelbrot_omp,elephant,2048,1,no,8,2.084366986
mandelbrot_omp,elephant,2048,1,no,9,2.082746538
mandelbrot_omp,elephant,2048,1,no,10,2.084081417
mandelbrot_omp,elephant,2048,2,no,1,1.042702615
mandelbrot_omp,elephant,2048,2,no,2,1.042749104
mandelbrot_omp,elephant,2048,2,no,3,1.042729461
mandelbrot_omp,elephant,2048,2,no,4,1.042425886
mandelbrot_omp,elephant,2048,2,no,5,1.042995961
mandelbrot_omp,elephant,2048,2,no,6,1.043283713
mandelbrot_omp,elephant,2048,2,no,7,1.042259477
mandelbrot_omp,elephant,2048,2,no,8,1.042824993
mandelbrot_omp,elephant,2048,2,no,9,1.042527227
mandelbrot_omp,elephant,2048,2,no,10,1.042327164
mandelbrot_omp,elephant,2048,4,no,1,0.601041138
mandelbrot_omp,elephant,2048,4,no,2,0.601338042
mandelbrot_omp,elephant,2048,4,no,3,0.600928566
mandelbrot_omp,elephant,2048,4,no,4,0.600689122
mandelbrot_omp,elephant,2048,4,no,5,0.600209095
mandelbrot_omp,elephant,2048,4,no,6,0.600087473
mandelbrot_omp,elephant,2048,4,no,7,0.600707621
mandelbrot_omp,elephant,2048,4,no,8,0.600639098
mandelbrot_omp,elephant,2048,4,no,9,0.601067074
mandelbrot_omp,elephant,2048,4,no,10,0.600113031
mandelbrot_omp,elephant,2048,8,no,1,0.314200608
mandelbrot_omp,elephant,2048,8,no,2,0.313614900
mandelbrot_omp,elephant,2048,8,no,3,0.313686051
mandelbrot_omp,elephant,2048,8,no,4,0.313386447
mandelbrot_omp,elephant,2048,8,no,5,0.312926451
mandelbrot_omp,elephant,2048,8,no,6,0.313405657
mandelbrot_omp,elephant,2048,8,no,7,0.313081832
mandelbrot_omp,elephant,2048,8,no,8,0.313159744
mandelbrot_omp,elephant,2048,8,no,9,0.313211054
mandelbrot_omp,elephant,2048,8,no,10,0.313026552
mandelbrot_omp,elephant,2048,16,no,1,0.163297279
mandelbrot_omp,elephant,2048,16,no,2,0.163763194
mandelbrot_omp,elephant,2048,16,no,3,0.163308748
mandelbrot_omp,elephant,2048,16,no,4,0.163489580
mandelbrot_omp,elephant,2048,16,no,5,0.163532661
mandelbrot_omp,elephant,2048,16,no,6,0.163390989
mandelbrot_omp,elephant,2048,16,no,7,0.163265087
mandelbrot_omp,elephant,2048,16,no,8,0.163710733
mandelbrot_omp,elephant,2048,16,no,9,0.163176826
mandelbrot_omp,elephant,2048,16,no,10,0.163300968
mandelbrot_omp,elephant,2048,32,no,1,0.086202833
mandelbrot_omp,elephant,2048,32,no,2,0.086231083
mandelbrot_omp,elephant,2048,32,no,3,0.086206712
mandelbrot_omp,elephant,2048,32,no,4,0.086361844
mandelbrot_omp,elephant,2048,32,no,5,0.086220023
mandelbrot_omp,elephant,2048,32,no,6,0.086178742
mandelbrot_omp,elephant,2048,32,no,7,0.086205392
mandelbrot_omp,elephant,2048,32,no,8,0.086072631
mandelbrot_omp,elephant,2048,32,no,9,0.085840818
mandelbrot_omp,elephant,2048,32,no,10,0.086302683
mandelbrot_omp,triple_spiral,2048,1,no,1,2.525226054
mandelbrot_omp,triple_spiral,2048,1,no,2,2.527656936
mandelbrot_omp,triple_spiral,2048,1,no,3,2.523465941
mandelbrot_omp,triple_spiral,2048,1,no,4,2.523812126
mandelbrot_omp,triple_spiral,2048,1,no,5,2.524090130
mandelbrot_omp,triple_spiral,2048,1,no,6,2.525418167
mandelbrot_omp,triple_spiral,2048,1,no,7,2.521730549
mandelbrot_omp,triple_spiral,2048,1,no,8,2.521899001
mandelbrot_omp,triple_spiral,2048,1,no,9,2.521651598
mandelbrot_omp,triple_spiral,2048,1,no,10,2.521956082
mandelbrot_omp,triple_spiral,2048,2,no,1,1.344262214
mandelbrot_omp,triple_spiral,2048,2,no,2,1.344083409
mandelbrot_omp,triple_spiral,2048,2,no,3,1.344002985
mandelbrot_omp,triple_spiral,2048,2,no,4,1.343798959
mandelbrot_omp,triple_spiral,2048,2,no,5,1.344453045
mandelbrot_omp,triple_spiral,2048,2,no,6,1.344039027
mandelbrot_omp,triple_spiral,2048,2,no,7,1.344023785
mandelbrot_omp,triple_spiral,2048,2,no,8,1.344836302
mandelbrot_omp,triple_spiral,2048,2,no,9,1.343798765
mandelbrot_omp,triple_spiral,2048,2,no,10,1.345188801
mandelbrot_omp,triple_spiral,2048,4,no,1,0.689257934
mandelbrot_omp,triple_spiral,2048,4,no,2,0.689400005
mandelbrot_omp,triple_spiral,2048,4,no,3,0.688879017
mandelbrot_omp,triple_spiral,2048,4,no,4,0.688585972
mandelbrot_omp,triple_spiral,2048,4,no,5,0.690202663
mandelbrot_omp,triple_spiral,2048,4,no,6,0.689787787
mandelbrot_omp,triple_spiral,2048,4,no,7,0.689217968
mandelbrot_omp,triple_spiral,2048,4,no,8,0.750828679
mandelbrot_omp,triple_spiral,2048,4,no,9,0.689233138
mandelbrot_omp,triple_spiral,2048,4,no,10,0.689104365
mandelbrot_omp,triple_spiral,2048,8,no,1,0.345864319
mandelbrot_omp,triple_spiral,2048,8,no,2,0.345654976
mandelbrot_omp,triple_spiral,2048,8,no,3,0.346205954
mandelbrot_omp,triple_spiral,2048,8,no,4,0.345983480
mandelbrot_omp,triple_spiral,2048,8,no,5,0.345899299
mandelbrot_omp,triple_spiral,2048,8,no,6,0.346126941
mandelbrot_omp,triple_spiral,2048,8,no,7,0.345684525
mandelbrot_omp,triple_spiral,2048,8,no,8,0.345553814
mandelbrot_omp,triple_spiral,2048,8,no,9,0.345561703
mandelbrot_omp,triple_spiral,2048,8,no,10,0.346078870
mandelbrot_omp,triple_spiral,2048,16,no,1,0.174960515
mandelbrot_omp,triple_spiral,2048,16,no,2,0.174376427
mandelbrot_omp,triple_spiral,2048,16,no,3,0.175263219
mandelbrot_omp,triple_spiral,2048,16,no,4,0.174263436
mandelbrot_omp,triple_spiral,2048,16,no,5,0.175046546
mandelbrot_omp,triple_spiral,2048,16,no,6,0.175129327
mandelbrot_omp,triple_spiral,2048,16,no,7,0.174558489
mandelbrot_omp,triple_spiral,2048,16,no,8,0.175909596
mandelbrot_omp,triple_spiral,2048,16,no,9,0.174234875
mandelbrot_omp,triple_spiral,2048,16,no,10,0.174477678
mandelbrot_omp,triple_spiral,2048,32,no,1,0.089540328
mandelbrot_omp,triple_spiral,2048,32,no,2,0.089493368
mandelbrot_omp,triple_spiral,2048,32,no,3,0.089722910
mandelbrot_omp,triple_spiral,2048,32,no,4,0.090005825
mandelbrot_omp,triple_spiral,2048,32,no,5,0.089570529
mandelbrot_omp,triple_spiral,2048,32,no,6,0.089272245
mandelbrot_omp,triple_spiral,2048,32,no,7,0.090178616
mandelbrot_omp,triple_spiral,2048,32,no,8,0.089775032
mandelbrot_omp,triple_spiral,2048,32,no,9,0.090345348
mandelbrot_omp,triple_spiral,2048,32,no,10,0.089445588
mandelbrot_omp,full,4096,1,no,1,1.173644732
mandelbrot_omp,full,4096,1,no,2,1.170359867
mandelbrot_omp,full,4096,1,no,3,1.170291954
mandelbrot_omp,full,4096,1,no,4,1.169802467
mandelbrot_omp,full,4096,1,no,5,1.169884575
mandelbrot_omp,full,4096,1,no,6,1.169953184
mandelbrot_omp,full,4096,1,no,7,1.169927863
mandelbrot_omp,full,4096,1,no,8,1.169977741
mandelbrot_omp,full,4096,1,no,9,1.168497680
mandelbrot_omp,full,4096,1,no,10,1.168523969
mandelbrot_omp,full,4096,2,no,1,0.585504359
mandelbrot_omp,full,4096,2,no,2,0.586518422
mandelbrot_omp,full,4096,2,no,3,0.585351367
mandelbrot_omp,full,4096,2,no,4,0.586318888
mandelbrot_omp,full,4096,2,no,5,0.585297365
mandelbrot_omp,full,4096,2,no,6,0.585651688
mandelbrot_omp,full,4096,2,no,7,0.585957152
mandelbrot_omp,full,4096,2,no,8,0.586080443
mandelbrot_omp,full,4096,2,no,9,0.585641687
mandelbrot_omp,full,4096,2,no,10,0.585691707
mandelbrot_omp,full,4096,4,no,1,0.572666890
mandelbrot_omp,full,4096,4,no,2,0.572366506
mandelbrot_omp,full,4096,4,no,3,0.572306244
mandelbrot_omp,full,4096,4,no,4,0.572015951
mandelbrot_omp,full,4096,4,no,5,0.572637968
mandelbrot_omp,full,4096,4,no,6,0.573339116
mandelbrot_omp,full,4096,4,no,7,0.572833000
mandelbrot_omp,full,4096,4,no,8,0.572017998
mandelbrot_omp,full,4096,4,no,9,0.572495325
mandelbrot_omp,full,4096,4,no,10,0.572618805
mandelbrot_omp,full,4096,8,no,1,0.460342749
mandelbrot_omp,full,4096,8,no,2,0.460199476
mandelbrot_omp,full,4096,8,no,3,0.460237886
mandelbrot_omp,full,4096,8,no,4,0.460774584
mandelbrot_omp,full,4096,8,no,5,0.461026177
mandelbrot_omp,full,4096,8,no,6,0.461358390
mandelbrot_omp,full,4096,8,no,7,0.461247578
mandelbrot_omp,full,4096,8,no,8,0.461166857
mandelbrot_omp,full,4096,8,no,9,0.461643123
mandelbrot_omp,full,4096,8,no,10,0.460476388
mandelbrot_omp,full,4096,16,no,1,0.277249784
mandelbrot_omp,full,4096,16,no,2,0.277238625
mandelbrot_omp,full,4096,16,no,3,0.276643917
mandelbrot_omp,full,4096,16,no,4,0.277022682
mandelbrot_omp,full,4096,16,no,5,0.276899810
mandelbrot_omp,full,4096,16,no,6,0.276537465
mandelbrot_omp,full,4096,16,no,7,0.276667036
mandelbrot_omp,full,4096,16,no,8,0.277626069
mandelbrot_omp,full,4096,16,no,9,0.276648396
mandelbrot_omp,full,4096,16,no,10,0.277062671
mandelbrot_omp,full,4096,32,no,1,0.147774969
mandelbrot_omp,full,4096,32,no,2,0.147294402
mandelbrot_omp,full,4096,32,no,3,0.147300532
mandelbrot_omp,full,4096,32,no,4,0.147847850
mandelbrot_omp,full,4096,32,no,5,0.147433345
mandelbrot_omp,full,4096,32,no,6,0.147229022
mandelbrot_omp,full,4096,32,no,7,0.147292882
mandelbrot_omp,full,4096,32,no,8,0.147859900
mandelbrot_omp,full,4096,32,no,9,0.147252142
mandelbrot_omp,full,4096,32,no,10,0.148155463
mandelbrot_omp,seahorse,4096,1,no,1,8.841387837
mandelbrot_omp,seahorse,4096,1,no,2,8.828243644
mandelbrot_omp,seahorse,4096,1,no,3,8.838076816
mandelbrot_omp,seahorse,4096,1,no,4,8.841547359
mandelbrot_omp,seahorse,4096,1,no,5,8.843356522
mandelbrot_omp,seahorse,4096,1,no,6,8.829902734
mandelbrot_omp,seahorse,4096,1,no,7,8.830859270
mandelbrot_omp,seahorse,4096,1,no,8,8.828395785
mandelbrot_omp,seahorse,4096,1,no,9,8.836926410
mandelbrot_omp,seahorse,4096,1,no,10,8.839891625
mandelbrot_omp,seahorse,4096,2,no,1,4.994239686
mandelbrot_omp,seahorse,4096,2,no,2,4.997140544
mandelbrot_omp,seahorse,4096,2,no,3,4.998222591
mandelbrot_omp,seahorse,4096,2,no,4,4.995962694
mandelbrot_omp,seahorse,4096,2,no,5,4.997984032
mandelbrot_omp,seahorse,4096,2,no,6,5.007772348
mandelbrot_omp,seahorse,4096,2,no,7,5.007511427
mandelbrot_omp,seahorse,4096,2,no,8,5.003797794
mandelbrot_omp,seahorse,4096,2,no,9,5.000142681
mandelbrot_omp,seahorse,4096,2,no,10,5.004965135
mandelbrot_omp,seahorse,4096,4,no,1,2.599484756
mandelbrot_omp,seahorse,4096,4,no,2,2.598375155
mandelbrot_omp,seahorse,4096,4,no,3,2.599122187
mandelbrot_omp,seahorse,4096,4,no,4,2.599185231
mandelbrot_omp,seahorse,4096,4,no,5,2.595871963
mandelbrot_omp,seahorse,4096,4,no,6,2.599250088
mandelbrot_omp,seahorse,4096,4,no,7,2.599575966
mandelbrot_omp,seahorse,4096,4,no,8,2.599469607
mandelbrot_omp,seahorse,4096,4,no,9,2.599499501
mandelbrot_omp,seahorse,4096,4,no,10,2.602087757
mandelbrot_omp,seahorse,4096,8,no,1,1.320006334
mandelbrot_omp,seahorse,4096,8,no,2,1.320402688
mandelbrot_omp,seahorse,4096,8,no,3,1.320128082
mandelbrot_omp,seahorse,4096,8,no,4,1.321468508
mandelbrot_omp,seahorse,4096,8,no,5,1.320129330
mandelbrot_omp,seahorse,4096,8,no,6,1.319959325
mandelbrot_omp,seahorse,4096,8,no,7,1.320421470
mandelbrot_omp,seahorse,4096,8,no,8,1.320053203
mandelbrot_omp,seahorse,4096,8,no,9,1.320678889
mandelbrot_omp,seahorse,4096,8,no,10,1.319597824
mandelbrot_omp,seahorse,4096,16,no,1,0.665367426
mandelbrot_omp,seahorse,4096,16,no,2,0.665897173
mandelbrot_omp,seahorse,4096,16,no,3,0.665726560
mandelbrot_omp,seahorse,4096,16,no,4,0.666911954
mandelbrot_omp,seahorse,4096,16,no,5,0.665795310
mandelbrot_omp,seahorse,4096,16,no,6,0.666171514
mandelbrot_omp,seahorse,4096,16,no,7,0.667257917
mandelbrot_omp,seahorse,4096,16,no,8,0.666305675
mandelbrot_omp,seahorse,4096,16,no,9,0.665882309
mandelbrot_omp,seahorse,4096,16,no,10,0.665314531
mandelbrot_omp,seahorse,4096,32,no,1,0.337640384
mandelbrot_omp,seahorse,4096,32,no,2,0.336387557
mandelbrot_omp,seahorse,4096,32,no,3,0.336767622
mandelbrot_omp,seahorse,4096,32,no,4,0.338134669
mandelbrot_omp,seahorse,4096,32,no,5,0.336292886
mandelbrot_omp,seahorse,4096,32,no,6,0.336430617
mandelbrot_omp,seahorse,4096,32,no,7,0.336710831
mandelbrot_omp,seahorse,4096,32,no,8,0.336802702
mandelbrot_omp,seahorse,4096,32,no,9,0.336398847
mandelbrot_omp,seahorse,4096,32,no,10,0.336402117
mandelbrot_omp,elephant,4096,1,no,1,8.326056172
mandelbrot_omp,elephant,4096,1,no,2,8.317119445
mandelbrot_omp,elephant,4096,1,no,3,8.316497274
mandelbrot_omp,elephant,4096,1,no,4,8.316788435
mandelbrot_omp,elephant,4096,1,no,5,8.326350974
mandelbrot_omp,elephant,4096,1,no,6,8.325800956
mandelbrot_omp,elephant,4096,1,no,7,8.324090565
mandelbrot_omp,elephant,4096,1,no,8,8.327023703
mandelbrot_omp,elephant,4096,1,no,9,8.319163257
mandelbrot_omp,elephant,4096,1,no,10,8.330586334
mandelbrot_omp,elephant,4096,2,no,1,4.164562617
mandelbrot_omp,elephant,4096,2,no,2,4.163704202
mandelbrot_omp,elephant,4096,2,no,3,4.164237816
mandelbrot_omp,elephant,4096,2,no,4,4.160870659
mandelbrot_omp,elephant,4096,2,no,5,4.157702397
mandelbrot_omp,elephant,4096,2,no,6,4.159822140
mandelbrot_omp,elephant,4096,2,no,7,4.159246199
mandelbrot_omp,elephant,4096,2,no,8,4.159817123
mandelbrot_omp,elephant,4096,2,no,9,4.159094571
mandelbrot_omp,elephant,4096,2,no,10,4.159259430
mandelbrot_omp,elephant,4096,4,no,1,2.394147148
mandelbrot_omp,elephant,4096,4,no,2,2.394471638
mandelbrot_omp,elephant,4096,4,no,3,2.394026049
mandelbrot_omp,elephant,4096,4,no,4,2.394733593
mandelbrot_omp,elephant,4096,4,no,5,2.393512614
mandelbrot_omp,elephant,4096,4,no,6,2.396410886
mandelbrot_omp,elephant,4096,4,no,7,2.394422277
mandelbrot_omp,elephant,4096,4,no,8,2.395191172
mandelbrot_omp,elephant,4096,4,no,9,2.394608591
mandelbrot_omp,elephant,4096,4,no,10,2.393826627
mandelbrot_omp,elephant,4096,8,no,1,1.246254545
mandelbrot_omp,elephant,4096,8,no,2,1.246190564
mandelbrot_omp,elephant,4096,8,no,3,1.246536907
mandelbrot_omp,elephant,4096,8,no,4,1.247331426
mandelbrot_omp,elephant,4096,8,no,5,1.246348393
mandelbrot_omp,elephant,4096,8,no,6,1.247942992
mandelbrot_omp,elephant,4096,8,no,7,1.249156185
mandelbrot_omp,elephant,4096,8,no,8,1.248157452
mandelbrot_omp,elephant,4096,8,no,9,1.245961834
mandelbrot_omp,elephant,4096,8,no,10,1.247105677
mandelbrot_omp,elephant,4096,16,no,1,0.645533697
mandelbrot_omp,elephant,4096,16,no,2,0.645773339
mandelbrot_omp,elephant,4096,16,no,3,0.646229254
mandelbrot_omp,elephant,4096,16,no,4,0.644950218
mandelbrot_omp,elephant,4096,16,no,5,0.645589246
mandelbrot_omp,elephant,4096,16,no,6,0.645187601
mandelbrot_omp,elephant,4096,16,no,7,0.645076709
mandelbrot_omp,elephant,4096,16,no,8,0.645238021
mandelbrot_omp,elephant,4096,16,no,9,0.645543064
mandelbrot_omp,elephant,4096,16,no,10,0.645437482
mandelbrot_omp,elephant,4096,32,no,1,0.334446427
mandelbrot_omp,elephant,4096,32,no,2,0.334177863
mandelbrot_omp,elephant,4096,32,no,3,0.334060402
mandelbrot_omp,elephant,4096,32,no,4,0.333606786
mandelbrot_omp,elephant,4096,32,no,5,0.334226574
mandelbrot_omp,elephant,4096,32,no,6,0.334097182
mandelbrot_omp,elephant,4096,32,no,7,0.334249814
mandelbrot_omp,elephant,4096,32,no,8,0.333968130
mandelbrot_omp,elephant,4096,32,no,9,0.334005921
mandelbrot_omp,elephant,4096,32,no,10,0.334422116
mandelbrot_omp,triple_spiral,4096,1,no,1,10.081753671
mandelbrot_omp,triple_spiral,4096,1,no,2,10.080027222
mandelbrot_omp,triple_spiral,4096,1,no,3,10.081340772
mandelbrot_omp,triple_spiral,4096,1,no,4,10.080517797
mandelbrot_omp,triple_spiral,4096,1,no,5,10.088805566
mandelbrot_omp,triple_spiral,4096,1,no,6,10.080125316
mandelbrot_omp,triple_spiral,4096,1,no,7,10.076237047
mandelbrot_omp,triple_spiral,4096,1,no,8,10.080112285
mandelbrot_omp,triple_spiral,4096,1,no,9,10.076420381
mandelbrot_omp,triple_spiral,4096,1,no,10,10.074785953
mandelbrot_omp,triple_spiral,4096,2,no,1,5.374046562
mandelbrot_omp,triple_spiral,4096,2,no,2,5.365882145
mandelbrot_omp,triple_spiral,4096,2,no,3,5.367690652
mandelbrot_omp,triple_spiral,4096,2,no,4,5.367738147
mandelbrot_omp,triple_spiral,4096,2,no,5,5.368391990
mandelbrot_omp,triple_spiral,4096,2,no,6,5.368012270
mandelbrot_omp,triple_spiral,4096,2,no,7,5.367895094
mandelbrot_omp,triple_spiral,4096,2,no,8,5.371758176
mandelbrot_omp,triple_spiral,4096,2,no,9,5.367312686
mandelbrot_omp,triple_spiral,4096,2,no,10,5.367332643
mandelbrot_omp,triple_spiral,4096,4,no,1,2.751395481
mandelbrot_omp,triple_spiral,4096,4,no,2,2.749408713
mandelbrot_omp,triple_spiral,4096,4,no,3,2.752508167
mandelbrot_omp,triple_spiral,4096,4,no,4,2.750888383
mandelbrot_omp,triple_spiral,4096,4,no,5,2.749512133
mandelbrot_omp,triple_spiral,4096,4,no,6,2.750869876
mandelbrot_omp,triple_spiral,4096,4,no,7,2.749365164
mandelbrot_omp,triple_spiral,4096,4,no,8,2.751099292
mandelbrot_omp,triple_spiral,4096,4,no,9,2.750988966
mandelbrot_omp,triple_spiral,4096,4,no,10,2.750562078
mandelbrot_omp,triple_spiral,4096,8,no,1,1.376523773
mandelbrot_omp,triple_spiral,4096,8,no,2,1.376811985
mandelbrot_omp,triple_spiral,4096,8,no,3,1.376695273
mandelbrot_omp,triple_spiral,4096,8,no,4,1.377792176
mandelbrot_omp,triple_spiral,4096,8,no,5,1.376845703
mandelbrot_omp,triple_spiral,4096,8,no,6,1.375847700
mandelbrot_omp,triple_spiral,4096,8,no,7,1.376184663
mandelbrot_omp,triple_spiral,4096,8,no,8,1.376712069
mandelbrot_omp,triple_spiral,4096,8,no,9,1.376594016
mandelbrot_omp,triple_spiral,4096,8,no,10,1.378436847
mandelbrot_omp,triple_spiral,4096,16,no,1,0.691812033
mandelbrot_omp,triple_spiral,4096,16,no,2,0.691506670
mandelbrot_omp,triple_spiral,4096,16,no,3,0.691152176
mandelbrot_omp,triple_spiral,4096,16,no,4,0.690434048
mandelbrot_omp,triple_spiral,4096,16,no,5,0.690859133
mandelbrot_omp,triple_spiral,4096,16,no,6,0.690533419
mandelbrot_omp,triple_spiral,4096,16,no,7,0.690901903
mandelbrot_omp,triple_spiral,4096,16,no,8,0.691777283
mandelbrot_omp,triple_spiral,4096,16,no,9,0.691543281
mandelbrot_omp,triple_spiral,4096,16,no,10,0.691465360
mandelbrot_omp,triple_spiral,4096,32,no,1,0.348160868
mandelbrot_omp,triple_spiral,4096,32,no,2,0.348067657
mandelbrot_omp,triple_spiral,4096,32,no,3,0.349121209
mandelbrot_omp,triple_spiral,4096,32,no,4,0.347980745
mandelbrot_omp,triple_spiral,4096,32,no,5,0.348516392
mandelbrot_omp,triple_spiral,4096,32,no,6,0.348890206
mandelbrot_omp,triple_spiral,4096,32,no,7,0.347787173
mandelbrot_omp,triple_spiral,4096,32,no,8,0.348041216
mandelbrot_omp,triple_spiral,4096,32,no,9,0.348037937
mandelbrot_omp,triple_spiral,4096,32,no,10,0.348064386
mandelbrot_omp,full,8192,1,no,1,4.654811567
mandelbrot_omp,full,8192,1,no,2,4.656832988
mandelbrot_omp,full,8192,1,no,3,4.655673306
mandelbrot_omp,full,8192,1,no,4,4.655147920
mandelbrot_omp,full,8192,1,no,5,4.657850611
mandelbrot_omp,full,8192,1,no,6,4.655336542
mandelbrot_omp,full,8192,1,no,7,4.655284401
mandelbrot_omp,full,8192,1,no,8,4.655091568
mandelbrot_omp,full,8192,1,no,9,4.656026299
mandelbrot_omp,full,8192,1,no,10,4.655640695
mandelbrot_omp,full,8192,2,no,1,2.331535500
mandelbrot_omp,full,8192,2,no,2,2.330125454
mandelbrot_omp,full,8192,2,no,3,2.332328629
mandelbrot_omp,full,8192,2,no,4,2.330956463
mandelbrot_omp,full,8192,2,no,5,2.330000051
mandelbrot_omp,full,8192,2,no,6,2.329762649
mandelbrot_omp,full,8192,2,no,7,2.331006363
mandelbrot_omp,full,8192,2,no,8,2.331862443
mandelbrot_omp,full,8192,2,no,9,2.331263466
mandelbrot_omp,full,8192,2,no,10,2.329510536
mandelbrot_omp,full,8192,4,no,1,2.276050702
mandelbrot_omp,full,8192,4,no,2,2.276746591
mandelbrot_omp,full,8192,4,no,3,2.275202032
mandelbrot_omp,full,8192,4,no,4,2.276998893
mandelbrot_omp,full,8192,4,no,5,2.275419105
mandelbrot_omp,full,8192,4,no,6,2.276641049
mandelbrot_omp,full,8192,4,no,7,2.276511077
mandelbrot_omp,full,8192,4,no,8,2.275541036
mandelbrot_omp,full,8192,4,no,9,2.276577558
mandelbrot_omp,full,8192,4,no,10,2.276087983
mandelbrot_omp,full,8192,8,no,1,1.831806461
mandelbrot_omp,full,8192,8,no,2,1.831330506
mandelbrot_omp,full,8192,8,no,3,1.831103924
mandelbrot_omp,full,8192,8,no,4,1.832034034
mandelbrot_omp,full,8192,8,no,5,1.830239154
mandelbrot_omp,full,8192,8,no,6,1.830644008
mandelbrot_omp,full,8192,8,no,7,1.830726978
mandelbrot_omp,full,8192,8,no,8,1.831034952
mandelbrot_omp,full,8192,8,no,9,1.832017843
mandelbrot_omp,full,8192,8,no,10,1.831157524
mandelbrot_omp,full,8192,16,no,1,1.097605632
mandelbrot_omp,full,8192,16,no,2,1.096219396
mandelbrot_omp,full,8192,16,no,3,1.097527151
mandelbrot_omp,full,8192,16,no,4,1.097177317
mandelbrot_omp,full,8192,16,no,5,1.097244367
mandelbrot_omp,full,8192,16,no,6,1.097284438
mandelbrot_omp,full,8192,16,no,7,1.097739723
mandelbrot_omp,full,8192,16,no,8,1.097402479
mandelbrot_omp,full,8192,16,no,9,1.097447020
mandelbrot_omp,full,8192,16,no,10,1.098041867
mandelbrot_omp,full,8192,32,no,1,0.577631472
mandelbrot_omp,full,8192,32,no,2,0.578338370
mandelbrot_omp,full,8192,32,no,3,0.577422810
mandelbrot_omp,full,8192,32,no,4,0.577472090
mandelbrot_omp,full,8192,32,no,5,0.577385389
mandelbrot_omp,full,8192,32,no,6,0.578121547
mandelbrot_omp,full,8192,32,no,7,0.577909415
mandelbrot_omp,full,8192,32,no,8,0.577610911
mandelbrot_omp,full,8192,32,no,9,0.577390209
mandelbrot_omp,full,8192,32,no,10,0.577289748
mandelbrot_omp,seahorse,8192,1,no,1,35.279081976
mandelbrot_omp,seahorse,8192,1,no,2,35.277729302
mandelbrot_omp,seahorse,8192,1,no,3,35.283280469
mandelbrot_omp,seahorse,8192,1,no,4,35.282449963
mandelbrot_omp,seahorse,8192,1,no,5,35.282347526
mandelbrot_omp,seahorse,8192,1,no,6,35.281461249
mandelbrot_omp,seahorse,8192,1,no,7,35.279740804
mandelbrot_omp,seahorse,8192,1,no,8,35.282110415
mandelbrot_omp,seahorse,8192,1,no,9,35.281503594
mandelbrot_omp,seahorse,8192,1,no,10,35.281976546
mandelbrot_omp,seahorse,8192,2,no,1,19.982495655
mandelbrot_omp,seahorse,8192,2,no,2,19.982315481
mandelbrot_omp,seahorse,8192,2,no,3,19.974041005
mandelbrot_omp,seahorse,8192,2,no,4,19.970753066
mandelbrot_omp,seahorse,8192,2,no,5,19.968997775
mandelbrot_omp,seahorse,8192,2,no,6,19.978477512
mandelbrot_omp,seahorse,8192,2,no,7,19.980344013
mandelbrot_omp,seahorse,8192,2,no,8,19.969815801
mandelbrot_omp,seahorse,8192,2,no,9,19.970886913
mandelbrot_omp,seahorse,8192,2,no,10,19.969959050
mandelbrot_omp,seahorse,8192,4,no,1,10.384496841
mandelbrot_omp,seahorse,8192,4,no,2,10.383595390
mandelbrot_omp,seahorse,8192,4,no,3,10.385820526
mandelbrot_omp,seahorse,8192,4,no,4,10.390960964
mandelbrot_omp,seahorse,8192,4,no,5,10.548586623
mandelbrot_omp,seahorse,8192,4,no,6,10.390829123
mandelbrot_omp,seahorse,8192,4,no,7,10.389004081
mandelbrot_omp,seahorse,8192,4,no,8,10.384110135
mandelbrot_omp,seahorse,8192,4,no,9,10.385803920
mandelbrot_omp,seahorse,8192,4,no,10,10.385953419
mandelbrot_omp,seahorse,8192,8,no,1,5.274136374
mandelbrot_omp,seahorse,8192,8,no,2,5.449530242
mandelbrot_omp,seahorse,8192,8,no,3,5.270191019
mandelbrot_omp,seahorse,8192,8,no,4,5.270032417
mandelbrot_omp,seahorse,8192,8,no,5,5.270875884
mandelbrot_omp,seahorse,8192,8,no,6,5.371189462
mandelbrot_omp,seahorse,8192,8,no,7,5.534659806
mandelbrot_omp,seahorse,8192,8,no,8,5.271806301
mandelbrot_omp,seahorse,8192,8,no,9,5.534259914
mandelbrot_omp,seahorse,8192,8,no,10,5.271069694
mandelbrot_omp,seahorse,8192,16,no,1,2.831395669
mandelbrot_omp,seahorse,8192,16,no,2,2.653835034
mandelbrot_omp,seahorse,8192,16,no,3,2.653333332
mandelbrot_omp,seahorse,8192,16,no,4,2.651182382
mandelbrot_omp,seahorse,8192,16,no,5,2.653431081
mandelbrot_omp,seahorse,8192,16,no,6,2.653038617
mandelbrot_omp,seahorse,8192,16,no,7,2.653311010
mandelbrot_omp,seahorse,8192,16,no,8,2.831654471
mandelbrot_omp,seahorse,8192,16,no,9,2.653383314
mandelbrot_omp,seahorse,8192,16,no,10,2.653488619
mandelbrot_omp,seahorse,8192,32,no,1,1.334580896
mandelbrot_omp,seahorse,8192,32,no,2,1.334087236
mandelbrot_omp,seahorse,8192,32,no,3,1.334228193
mandelbrot_omp,seahorse,8192,32,no,4,1.334313247
mandelbrot_omp,seahorse,8192,32,no,5,1.360431258
mandelbrot_omp,seahorse,8192,32,no,6,1.333940384
mandelbrot_omp,seahorse,8192,32,no,7,1.334250866
mandelbrot_omp,seahorse,8192,32,no,8,1.334272568
mandelbrot_omp,seahorse,8192,32,no,9,1.333665000
mandelbrot_omp,seahorse,8192,32,no,10,1.333597427
mandelbrot_omp,elephant,8192,1,no,1,33.225715625
mandelbrot_omp,elephant,8192,1,no,2,33.225093520
mandelbrot_omp,elephant,8192,1,no,3,33.226126681
mandelbrot_omp,elephant,8192,1,no,4,33.227801297
mandelbrot_omp,elephant,8192,1,no,5,33.226093870
mandelbrot_omp,elephant,8192,1,no,6,33.226454047
mandelbrot_omp,elephant,8192,1,no,7,33.226755520
mandelbrot_omp,elephant,8192,1,no,8,33.226950013
mandelbrot_omp,elephant,8192,1,no,9,33.226935901
mandelbrot_omp,elephant,8192,1,no,10,33.226607274
mandelbrot_omp,elephant,8192,2,no,1,16.623225230
mandelbrot_omp,elephant,8192,2,no,2,16.623591640
mandelbrot_omp,elephant,8192,2,no,3,16.623095102
mandelbrot_omp,elephant,8192,2,no,4,16.620220190
mandelbrot_omp,elephant,8192,2,no,5,16.619809770
mandelbrot_omp,elephant,8192,2,no,6,16.620754921
mandelbrot_omp,elephant,8192,2,no,7,16.622648645
mandelbrot_omp,elephant,8192,2,no,8,16.624600869
mandelbrot_omp,elephant,8192,2,no,9,16.618091932
mandelbrot_omp,elephant,8192,2,no,10,16.619559225
mandelbrot_omp,elephant,8192,4,no,1,9.566246830
mandelbrot_omp,elephant,8192,4,no,2,9.681515224
mandelbrot_omp,elephant,8192,4,no,3,9.566393451
mandelbrot_omp,elephant,8192,4,no,4,9.563759365
mandelbrot_omp,elephant,8192,4,no,5,9.564873912
mandelbrot_omp,elephant,8192,4,no,6,9.797357202
mandelbrot_omp,elephant,8192,4,no,7,9.562978111
mandelbrot_omp,elephant,8192,4,no,8,9.560211156
mandelbrot_omp,elephant,8192,4,no,9,9.565719370
mandelbrot_omp,elephant,8192,4,no,10,9.564370751
mandelbrot_omp,elephant,8192,8,no,1,4.974137849
mandelbrot_omp,elephant,8192,8,no,2,4.973637232
mandelbrot_omp,elephant,8192,8,no,3,4.973552698
mandelbrot_omp,elephant,8192,8,no,4,4.973970437
mandelbrot_omp,elephant,8192,8,no,5,4.974440321
mandelbrot_omp,elephant,8192,8,no,6,4.974432536
mandelbrot_omp,elephant,8192,8,no,7,4.973465236
mandelbrot_omp,elephant,8192,8,no,8,4.973566209
mandelbrot_omp,elephant,8192,8,no,9,4.974632476
mandelbrot_omp,elephant,8192,8,no,10,4.973896497
mandelbrot_omp,elephant,8192,16,no,1,2.570923056
mandelbrot_omp,elephant,8192,16,no,2,2.571106886
mandelbrot_omp,elephant,8192,16,no,3,2.693437778
mandelbrot_omp,elephant,8192,16,no,4,2.570913211
mandelbrot_omp,elephant,8192,16,no,5,2.570154171
mandelbrot_omp,elephant,8192,16,no,6,2.570381023
mandelbrot_omp,elephant,8192,16,no,7,2.570881312
mandelbrot_omp,elephant,8192,16,no,8,2.571020610
mandelbrot_omp,elephant,8192,16,no,9,2.632753095
mandelbrot_omp,elephant,8192,16,no,10,2.570415343
mandelbrot_omp,elephant,8192,32,no,1,1.323981146
mandelbrot_omp,elephant,8192,32,no,2,1.323246430
mandelbrot_omp,elephant,8192,32,no,3,1.322702772
mandelbrot_omp,elephant,8192,32,no,4,1.322512741
mandelbrot_omp,elephant,8192,32,no,5,1.322332576
mandelbrot_omp,elephant,8192,32,no,6,1.323396500
mandelbrot_omp,elephant,8192,32,no,7,1.322770869
mandelbrot_omp,elephant,8192,32,no,8,1.322846670
mandelbrot_omp,elephant,8192,32,no,9,1.322304642
mandelbrot_omp,elephant,8192,32,no,10,1.322923547
mandelbrot_omp,triple_spiral,8192,1,no,1,40.279474547
mandelbrot_omp,triple_spiral,8192,1,no,2,40.279575108
mandelbrot_omp,triple_spiral,8192,1,no,3,40.279099126
mandelbrot_omp,triple_spiral,8192,1,no,4,40.283233788
mandelbrot_omp,triple_spiral,8192,1,no,5,40.294610753
mandelbrot_omp,triple_spiral,8192,1,no,6,40.279819969
mandelbrot_omp,triple_spiral,8192,1,no,7,40.281130268
mandelbrot_omp,triple_spiral,8192,1,no,8,40.278663802
mandelbrot_omp,triple_spiral,8192,1,no,9,40.290417406
mandelbrot_omp,triple_spiral,8192,1,no,10,40.284343402
mandelbrot_omp,triple_spiral,8192,2,no,1,21.472347406
mandelbrot_omp,triple_spiral,8192,2,no,2,21.476561153
mandelbrot_omp,triple_spiral,8192,2,no,3,21.472397694
mandelbrot_omp,triple_spiral,8192,2,no,4,21.471239221
mandelbrot_omp,triple_spiral,8192,2,no,5,21.475489387
mandelbrot_omp,triple_spiral,8192,2,no,6,21.475452037
mandelbrot_omp,triple_spiral,8192,2,no,7,21.469097286
mandelbrot_omp,triple_spiral,8192,2,no,8,21.461386825
mandelbrot_omp,triple_spiral,8192,2,no,9,21.462806612
mandelbrot_omp,triple_spiral,8192,2,no,10,21.463279947
mandelbrot_omp,triple_spiral,8192,4,no,1,10.999676356
mandelbrot_omp,triple_spiral,8192,4,no,2,10.998808781
mandelbrot_omp,triple_spiral,8192,4,no,3,11.000028419
mandelbrot_omp,triple_spiral,8192,4,no,4,10.993237735
mandelbrot_omp,triple_spiral,8192,4,no,5,10.992897842
mandelbrot_omp,triple_spiral,8192,4,no,6,11.001249626
mandelbrot_omp,triple_spiral,8192,4,no,7,10.996601720
mandelbrot_omp,triple_spiral,8192,4,no,8,10.992900004
mandelbrot_omp,triple_spiral,8192,4,no,9,10.991621576
mandelbrot_omp,triple_spiral,8192,4,no,10,11.000618908
mandelbrot_omp,triple_spiral,8192,8,no,1,5.619284909
mandelbrot_omp,triple_spiral,8192,8,no,2,5.629916039
mandelbrot_omp,triple_spiral,8192,8,no,3,5.500472873
mandelbrot_omp,triple_spiral,8192,8,no,4,5.616953789
mandelbrot_omp,triple_spiral,8192,8,no,5,5.501821026
mandelbrot_omp,triple_spiral,8192,8,no,6,5.582799937
mandelbrot_omp,triple_spiral,8192,8,no,7,5.730654066
mandelbrot_omp,triple_spiral,8192,8,no,8,5.501322339
mandelbrot_omp,triple_spiral,8192,8,no,9,5.502049900
mandelbrot_omp,triple_spiral,8192,8,no,10,5.500780071
mandelbrot_omp,triple_spiral,8192,16,no,1,2.757361755
mandelbrot_omp,triple_spiral,8192,16,no,2,2.754058296
mandelbrot_omp,triple_spiral,8192,16,no,3,2.752613356
mandelbrot_omp,triple_spiral,8192,16,no,4,3.028578534
mandelbrot_omp,triple_spiral,8192,16,no,5,2.754134815
mandelbrot_omp,triple_spiral,8192,16,no,6,2.752727996
mandelbrot_omp,triple_spiral,8192,16,no,7,2.753849126
mandelbrot_omp,triple_spiral,8192,16,no,8,2.754330168
mandelbrot_omp,triple_spiral,8192,16,no,9,2.752868748
mandelbrot_omp,triple_spiral,8192,16,no,10,2.753124756
mandelbrot_omp,triple_spiral,8192,32,no,1,1.381059933
mandelbrot_omp,triple_spiral,8192,32,no,2,1.380012092
mandelbrot_omp,triple_spiral,8192,32,no,3,1.379917266
mandelbrot_omp,triple_spiral,8192,32,no,4,1.379664409
mandelbrot_omp,triple_spiral,8192,32,no,5,1.439457885
mandelbrot_omp,triple_spiral,8192,32,no,6,1.379906254
mandelbrot_omp,triple_spiral,8192,32,no,7,1.380781433
mandelbrot_omp,triple_spiral,8192,32,no,8,1.379681872
mandelbrot_omp,triple_spiral,8192,32,no,9,1.379489085
mandelbrot_omp,triple_spiral,8192,32,no,10,1.380682260
mandelbrot_pth,full,16,1,no,1,0.002188301
mandelbrot_pth,full,16,1,no,2,0.002180081
mandelbrot_pth,full,16,1,no,3,0.001472211
mandelbrot_pth,full,16,1,no,4,0.001453231
mandelbrot_pth,full,16,1,no,5,0.001050710
mandelbrot_pth,full,16,1,no,6,0.001130711
mandelbrot_pth,full,16,1,no,7,0.001348901
mandelbrot_pth,full,16,1,no,8,0.001192471
mandelbrot_pth,full,16,1,no,9,0.001111461
mandelbrot_pth,full,16,1,no,10,0.001484071
mandelbrot_pth,full,16,2,no,1,0.001184901
mandelbrot_pth,full,16,2,no,2,0.002185172
mandelbrot_pth,full,16,2,no,3,0.001209621
mandelbrot_pth,full,16,2,no,4,0.001409701
mandelbrot_pth,full,16,2,no,5,0.001190030
mandelbrot_pth,full,16,2,no,6,0.001146061
mandelbrot_pth,full,16,2,no,7,0.001350541
mandelbrot_pth,full,16,2,no,8,0.001403481
mandelbrot_pth,full,16,2,no,9,0.001288501
mandelbrot_pth,full,16,2,no,10,0.001241831
mandelbrot_pth,full,16,4,no,1,0.001342041
mandelbrot_pth,full,16,4,no,2,0.001460912
mandelbrot_pth,full,16,4,no,3,0.001211871
mandelbrot_pth,full,16,4,no,4,0.002108611
mandelbrot_pth,full,16,4,no,5,0.001228901
mandelbrot_pth,full,16,4,no,6,0.001440571
mandelbrot_pth,full,16,4,no,7,0.001431631
mandelbrot_pth,full,16,4,no,8,0.001350401
mandelbrot_pth,full,16,4,no,9,0.001468371
mandelbrot_pth,full,16,4,no,10,0.001578851
mandelbrot_pth,full,16,8,no,1,0.001575181
mandelbrot_pth,full,16,8,no,2,0.001476571
mandelbrot_pth,full,16,8,no,3,0.001486541
mandelbrot_pth,full,16,8,no,4,0.001524751
mandelbrot_pth,full,16,8,no,5,0.001562611
mandelbrot_pth,full,16,8,no,6,0.001528291
mandelbrot_pth,full,16,8,no,7,0.001442971
mandelbrot_pth,full,16,8,no,8,0.002444982
mandelbrot_pth,full,16,8,no,9,0.001696781
mandelbrot_pth,full,16,8,no,10,0.001614482
mandelbrot_pth,full,16,16,no,1,0.003006252
mandelbrot_pth,full,16,16,no,2,0.002123841
mandelbrot_pth,full,16,16,no,3,0.002043391
mandelbrot_pth,full,16,16,no,4,0.002173331
mandelbrot_pth,full,16,16,no,5,0.002012411
mandelbrot_pth,full,16,16,no,6,0.002067672
mandelbrot_pth,full,16,16,no,7,0.001892821
mandelbrot_pth,full,16,16,no,8,0.003313503
mandelbrot_pth,full,16,16,no,9,0.002364562
mandelbrot_pth,full,16,16,no,10,0.003278202
mandelbrot_pth,full,16,32,no,1,0.003117543
mandelbrot_pth,full,16,32,no,2,0.003186663
mandelbrot_pth,full,16,32,no,3,0.003039142
mandelbrot_pth,full,16,32,no,4,0.003101843
mandelbrot_pth,full,16,32,no,5,0.002889502
mandelbrot_pth,full,16,32,no,6,0.003192452
mandelbrot_pth,full,16,32,no,7,0.002931423
mandelbrot_pth,full,16,32,no,8,0.003716923
mandelbrot_pth,full,16,32,no,9,0.003012982
mandelbrot_pth,full,16,32,no,10,0.003071603
mandelbrot_pth,seahorse,16,1,no,1,0.001175251
mandelbrot_pth,seahorse,16,1,no,2,0.001450421
mandelbrot_pth,seahorse,16,1,no,3,0.001529071
mandelbrot_pth,seahorse,16,1,no,4,0.001243551
mandelbrot_pth,seahorse,16,1,no,5,0.001579971
mandelbrot_pth,seahorse,16,1,no,6,0.001518581
mandelbrot_pth,seahorse,16,1,no,7,0.001190281
mandelbrot_pth,seahorse,16,1,no,8,0.001203320
mandelbrot_pth,seahorse,16,1,no,9,0.001290901
mandelbrot_pth,seahorse,16,1,no,10,0.001330421
mandelbrot_pth,seahorse,16,2,no,1,0.001268601
mandelbrot_pth,seahorse,16,2,no,2,0.002081692
mandelbrot_pth,seahorse,16,2,no,3,0.001153501
mandelbrot_pth,seahorse,16,2,no,4,0.001295971
mandelbrot_pth,seahorse,16,2,no,5,0.001270991
mandelbrot_pth,seahorse,16,2,no,6,0.001352611
mandelbrot_pth,seahorse,16,2,no,7,0.002128342
mandelbrot_pth,seahorse,16,2,no,8,0.001318601
mandelbrot_pth,seahorse,16,2,no,9,0.001170081
mandelbrot_pth,seahorse,16,2,no,10,0.001395841
mandelbrot_pth,seahorse,16,4,no,1,0.001352531
mandelbrot_pth,seahorse,16,4,no,2,0.001734062
mandelbrot_pth,seahorse,16,4,no,3,0.001392111
mandelbrot_pth,seahorse,16,4,no,4,0.001348961
mandelbrot_pth,seahorse,16,4,no,5,0.001570771
mandelbrot_pth,seahorse,16,4,no,6,0.001454891
mandelbrot_pth,seahorse,16,4,no,7,0.001469092
mandelbrot_pth,seahorse,16,4,no,8,0.001461681
mandelbrot_pth,seahorse,16,4,no,9,0.001320712
mandelbrot_pth,seahorse,16,4,no,10,0.001423881
mandelbrot_pth,seahorse,16,8,no,1,0.001552931
mandelbrot_pth,seahorse,16,8,no,2,0.001664632
mandelbrot_pth,seahorse,16,8,no,3,0.001469001
mandelbrot_pth,seahorse,16,8,no,4,0.001743791
mandelbrot_pth,seahorse,16,8,no,5,0.001812131
mandelbrot_pth,seahorse,16,8,no,6,0.001750521
mandelbrot_pth,seahorse,16,8,no,7,0.001501641
mandelbrot_pth,seahorse,16,8,no,8,0.001569201
mandelbrot_pth,seahorse,16,8,no,9,0.001494611
mandelbrot_pth,seahorse,16,8,no,10,0.001540361
mandelbrot_pth,seahorse,16,16,no,1,0.002380812
mandelbrot_pth,seahorse,16,16,no,2,0.002287372
mandelbrot_pth,seahorse,16,16,no,3,0.002195462
mandelbrot_pth,seahorse,16,16,no,4,0.002200682
mandelbrot_pth,seahorse,16,16,no,5,0.002669493
mandelbrot_pth,seahorse,16,16,no,6,0.002102732
mandelbrot_pth,seahorse,16,16,no,7,0.002086982
mandelbrot_pth,seahorse,16,16,no,8,0.002221451
mandelbrot_pth,seahorse,16,16,no,9,0.002069562
mandelbrot_pth,seahorse,16,16,no,10,0.002070042
mandelbrot_pth,seahorse,16,32,no,1,0.003173822
mandelbrot_pth,seahorse,16,32,no,2,0.003247723
mandelbrot_pth,seahorse,16,32,no,3,0.002889272
mandelbrot_pth,seahorse,16,32,no,4,0.002951752
mandelbrot_pth,seahorse,16,32,no,5,0.002971132
mandelbrot_pth,seahorse,16,32,no,6,0.002950492
mandelbrot_pth,seahorse,16,32,no,7,0.003135582
mandelbrot_pth,seahorse,16,32,no,8,0.002962783
mandelbrot_pth,seahorse,16,32,no,9,0.002963702
mandelbrot_pth,seahorse,16,32,no,10,0.003057763
mandelbrot_pth,elephant,16,1,no,1,0.001204011
mandelbrot_pth,elephant,16,1,no,2,0.001204011
mandelbrot_pth,elephant,16,1,no,3,0.001186641
mandelbrot_pth,elephant,16,1,no,4,0.001265921
mandelbrot_pth,elephant,16,1,no,5,0.001426251
mandelbrot_pth,elephant,16,1,no,6,0.001737481
mandelbrot_pth,elephant,16,1,no,7,0.002082152
mandelbrot_pth,elephant,16,1,no,8,0.001246371
mandelbrot_pth,elephant,16,1,no,9,0.001458941
mandelbrot_pth,elephant,16,1,no,10,0.001637972
mandelbrot_pth,elephant,16,2,no,1,0.001397281
mandelbrot_pth,elephant,16,2,no,2,0.001426841
mandelbrot_pth,elephant,16,2,no,3,0.001208571
mandelbrot_pth,elephant,16,2,no,4,0.001462741
mandelbrot_pth,elephant,16,2,no,5,0.001223531
mandelbrot_pth,elephant,16,2,no,6,0.001494191
mandelbrot_pth,elephant,16,2,no,7,0.001360011
mandelbrot_pth,elephant,16,2,no,8,0.001438872
mandelbrot_pth,elephant,16,2,no,9,0.001275711
mandelbrot_pth,elephant,16,2,no,10,0.001296901
mandelbrot_pth,elephant,16,4,no,1,0.001351431
mandelbrot_pth,elephant,16,4,no,2,0.001290031
mandelbrot_pth,elephant,16,4,no,3,0.001472131
mandelbrot_pth,elephant,16,4,no,4,0.001310521
mandelbrot_pth,elephant,16,4,no,5,0.001825231
mandelbrot_pth,elephant,16,4,no,6,0.001376211
mandelbrot_pth,elephant,16,4,no,7,0.002159272
mandelbrot_pth,elephant,16,4,no,8,0.002116892
mandelbrot_pth,elephant,16,4,no,9,0.001300621
mandelbrot_pth,elephant,16,4,no,10,0.001434901
mandelbrot_pth,elephant,16,8,no,1,0.001654281
mandelbrot_pth,elephant,16,8,no,2,0.001519951
mandelbrot_pth,elephant,16,8,no,3,0.001579321
mandelbrot_pth,elephant,16,8,no,4,0.001589701
mandelbrot_pth,elephant,16,8,no,5,0.001558741
mandelbrot_pth,elephant,16,8,no,6,0.001594371
mandelbrot_pth,elephant,16,8,no,7,0.001473831
mandelbrot_pth,elephant,16,8,no,8,0.001748132
mandelbrot_pth,elephant,16,8,no,9,0.001526611
mandelbrot_pth,elephant,16,8,no,10,0.001464721
mandelbrot_pth,elephant,16,16,no,1,0.003231263
mandelbrot_pth,elephant,16,16,no,2,0.002086242
mandelbrot_pth,elephant,16,16,no,3,0.002204681
mandelbrot_pth,elephant,16,16,no,4,0.002093422
mandelbrot_pth,elephant,16,16,no,5,0.002177592
mandelbrot_pth,elephant,16,16,no,6,0.001915862
mandelbrot_pth,elephant,16,16,no,7,0.001939972
mandelbrot_pth,elephant,16,16,no,8,0.002605822
mandelbrot_pth,elephant,16,16,no,9,0.002367172
mandelbrot_pth,elephant,16,16,no,10,0.002427631
mandelbrot_pth,elephant,16,32,no,1,0.003019032
mandelbrot_pth,elephant,16,32,no,2,0.003077373
mandelbrot_pth,elephant,16,32,no,3,0.003035892
mandelbrot_pth,elephant,16,32,no,4,0.002948632
mandelbrot_pth,elephant,16,32,no,5,0.002870082
mandelbrot_pth,elephant,16,32,no,6,0.003053522
mandelbrot_pth,elephant,16,32,no,7,0.002879102
mandelbrot_pth,elephant,16,32,no,8,0.003349192
mandelbrot_pth,elephant,16,32,no,9,0.003125762
mandelbrot_pth,elephant,16,32,no,10,0.003046992
mandelbrot_pth,triple_spiral,16,1,no,1,0.001506041
mandelbrot_pth,triple_spiral,16,1,no,2,0.001756061
mandelbrot_pth,triple_spiral,16,1,no,3,0.001247851
mandelbrot_pth,triple_spiral,16,1,no,4,0.001265121
mandelbrot_pth,triple_spiral,16,1,no,5,0.001478651
mandelbrot_pth,triple_spiral,16,1,no,6,0.001710872
mandelbrot_pth,triple_spiral,16,1,no,7,0.001217001
mandelbrot_pth,triple_spiral,16,1,no,8,0.001758621
mandelbrot_pth,triple_spiral,16,1,no,9,0.002342722
mandelbrot_pth,triple_spiral,16,1,no,10,0.001952522
mandelbrot_pth,triple_spiral,16,2,no,1,0.002156462
mandelbrot_pth,triple_spiral,16,2,no,2,0.001211621
mandelbrot_pth,triple_spiral,16,2,no,3,0.001234371
mandelbrot_pth,triple_spiral,16,2,no,4,0.001325321
mandelbrot_pth,triple_spiral,16,2,no,5,0.001307761
mandelbrot_pth,triple_spiral,16,2,no,6,0.001270301
mandelbrot_pth,triple_spiral,16,2,no,7,0.001976321
mandelbrot_pth,triple_spiral,16,2,no,8,0.001213491
mandelbrot_pth,triple_spiral,16,2,no,9,0.001556451
mandelbrot_pth,triple_spiral,16,2,no,10,0.002105372
mandelbrot_pth,triple_spiral,16,4,no,1,0.001311501
mandelbrot_pth,triple_spiral,16,4,no,2,0.001440241
mandelbrot_pth,triple_spiral,16,4,no,3,0.001272251
mandelbrot_pth,triple_spiral,16,4,no,4,0.001306501
mandelbrot_pth,triple_spiral,16,4,no,5,0.001225041
mandelbrot_pth,triple_spiral,16,4,no,6,0.001374131
mandelbrot_pth,triple_spiral,16,4,no,7,0.001418901
mandelbrot_pth,triple_spiral,16,4,no,8,0.001259231
mandelbrot_pth,triple_spiral,16,4,no,9,0.001389011
mandelbrot_pth,triple_spiral,16,4,no,10,0.001393071
mandelbrot_pth,triple_spiral,16,8,no,1,0.001619912
mandelbrot_pth,triple_spiral,16,8,no,2,0.002419722
mandelbrot_pth,triple_spiral,16,8,no,3,0.002418582
mandelbrot_pth,triple_spiral,16,8,no,4,0.001537071
mandelbrot_pth,triple_spiral,16,8,no,5,0.001526731
mandelbrot_pth,triple_spiral,16,8,no,6,0.002376712
mandelbrot_pth,triple_spiral,16,8,no,7,0.001526291
mandelbrot_pth,triple_spiral,16,8,no,8,0.001750361
mandelbrot_pth,triple_spiral,16,8,no,9,0.001621782
mandelbrot_pth,triple_spiral,16,8,no,10,0.001734482
mandelbrot_pth,triple_spiral,16,16,no,1,0.002115132
mandelbrot_pth,triple_spiral,16,16,no,2,0.001985012
mandelbrot_pth,triple_spiral,16,16,no,3,0.001884601
mandelbrot_pth,triple_spiral,16,16,no,4,0.002104542
mandelbrot_pth,triple_spiral,16,16,no,5,0.002124312
mandelbrot_pth,triple_spiral,16,16,no,6,0.002051732
mandelbrot_pth,triple_spiral,16,16,no,7,0.002134262
mandelbrot_pth,triple_spiral,16,16,no,8,0.002041422
mandelbrot_pth,triple_spiral,16,16,no,9,0.002297852
mandelbrot_pth,triple_spiral,16,16,no,10,0.002003502
mandelbrot_pth,triple_spiral,16,32,no,1,0.003263493
mandelbrot_pth,triple_spiral,16,32,no,2,0.002909453
mandelbrot_pth,triple_spiral,16,32,no,3,0.003139012
mandelbrot_pth,triple_spiral,16,32,no,4,0.002909232
mandelbrot_pth,triple_spiral,16,32,no,5,0.002916202
mandelbrot_pth,triple_spiral,16,32,no,6,0.003152242
mandelbrot_pth,triple_spiral,16,32,no,7,0.002864332
mandelbrot_pth,triple_spiral,16,32,no,8,0.004142663
mandelbrot_pth,triple_spiral,16,32,no,9,0.003093662
mandelbrot_pth,triple_spiral,16,32,no,10,0.002998392
mandelbrot_pth,full,32,1,no,1,0.001105181
mandelbrot_pth,full,32,1,no,2,0.001254261
mandelbrot_pth,full,32,1,no,3,0.001408791
mandelbrot_pth,full,32,1,no,4,0.001085951
mandelbrot_pth,full,32,1,no,5,0.001154931
mandelbrot_pth,full,32,1,no,6,0.002163062
mandelbrot_pth,full,32,1,no,7,0.001167681
mandelbrot_pth,full,32,1,no,8,0.001395361
mandelbrot_pth,full,32,1,no,9,0.001319231
mandelbrot_pth,full,32,1,no,10,0.001141961
mandelbrot_pth,full,32,2,no,1,0.001259841
mandelbrot_pth,full,32,2,no,2,0.001101081
mandelbrot_pth,full,32,2,no,3,0.001269031
mandelbrot_pth,full,32,2,no,4,0.001316141
mandelbrot_pth,full,32,2,no,5,0.001207791
mandelbrot_pth,full,32,2,no,6,0.001126731
mandelbrot_pth,full,32,2,no,7,0.001269791
mandelbrot_pth,full,32,2,no,8,0.001819961
mandelbrot_pth,full,32,2,no,9,0.001890281
mandelbrot_pth,full,32,2,no,10,0.001330811
mandelbrot_pth,full,32,4,no,1,0.001262301
mandelbrot_pth,full,32,4,no,2,0.002009121
mandelbrot_pth,full,32,4,no,3,0.001280041
mandelbrot_pth,full,32,4,no,4,0.002085752
mandelbrot_pth,full,32,4,no,5,0.001565911
mandelbrot_pth,full,32,4,no,6,0.001528341
mandelbrot_pth,full,32,4,no,7,0.001265791
mandelbrot_pth,full,32,4,no,8,0.001340261
mandelbrot_pth,full,32,4,no,9,0.001385152
mandelbrot_pth,full,32,4,no,10,0.001185621
mandelbrot_pth,full,32,8,no,1,0.001659942
mandelbrot_pth,full,32,8,no,2,0.002165462
mandelbrot_pth,full,32,8,no,3,0.001608392
mandelbrot_pth,full,32,8,no,4,0.001521631
mandelbrot_pth,full,32,8,no,5,0.001442822
mandelbrot_pth,full,32,8,no,6,0.001404461
mandelbrot_pth,full,32,8,no,7,0.001382311
mandelbrot_pth,full,32,8,no,8,0.001572421
mandelbrot_pth,full,32,8,no,9,0.002508242
mandelbrot_pth,full,32,8,no,10,0.001448551
mandelbrot_pth,full,32,16,no,1,0.002173601
mandelbrot_pth,full,32,16,no,2,0.002183112
mandelbrot_pth,full,32,16,no,3,0.002069592
mandelbrot_pth,full,32,16,no,4,0.001932692
mandelbrot_pth,full,32,16,no,5,0.001915242
mandelbrot_pth,full,32,16,no,6,0.002069152
mandelbrot_pth,full,32,16,no,7,0.002221282
mandelbrot_pth,full,32,16,no,8,0.002013952
mandelbrot_pth,full,32,16,no,9,0.002059612
mandelbrot_pth,full,32,16,no,10,0.002513982
mandelbrot_pth,full,32,32,no,1,0.003149502
mandelbrot_pth,full,32,32,no,2,0.003143023
mandelbrot_pth,full,32,32,no,3,0.002909532
mandelbrot_pth,full,32,32,no,4,0.002959892
mandelbrot_pth,full,32,32,no,5,0.002972522
mandelbrot_pth,full,32,32,no,6,0.002905752
mandelbrot_pth,full,32,32,no,7,0.003089962
mandelbrot_pth,full,32,32,no,8,0.002866732
mandelbrot_pth,full,32,32,no,9,0.002955962
mandelbrot_pth,full,32,32,no,10,0.003138182
mandelbrot_pth,seahorse,32,1,no,1,0.001665151
mandelbrot_pth,seahorse,32,1,no,2,0.001883402
mandelbrot_pth,seahorse,32,1,no,3,0.001641071
mandelbrot_pth,seahorse,32,1,no,4,0.001575041
mandelbrot_pth,seahorse,32,1,no,5,0.002270492
mandelbrot_pth,seahorse,32,1,no,6,0.001775591
mandelbrot_pth,seahorse,32,1,no,7,0.001685752
mandelbrot_pth,seahorse,32,1,no,8,0.001621891
mandelbrot_pth,seahorse,32,1,no,9,0.002028051
mandelbrot_pth,seahorse,32,1,no,10,0.001822151
mandelbrot_pth,seahorse,32,2,no,1,0.001707311
mandelbrot_pth,seahorse,32,2,no,2,0.002222332
mandelbrot_pth,seahorse,32,2,no,3,0.001536652
mandelbrot_pth,seahorse,32,2,no,4,0.002265252
mandelbrot_pth,seahorse,32,2,no,5,0.001452281
mandelbrot_pth,seahorse,32,2,no,6,0.001613061
mandelbrot_pth,seahorse,32,2,no,7,0.001482041
mandelbrot_pth,seahorse,32,2,no,8,0.001632421
mandelbrot_pth,seahorse,32,2,no,9,0.001535361
mandelbrot_pth,seahorse,32,2,no,10,0.001488571
mandelbrot_pth,seahorse,32,4,no,1,0.001629051
mandelbrot_pth,seahorse,32,4,no,2,0.001423662
mandelbrot_pth,seahorse,32,4,no,3,0.001485761
mandelbrot_pth,seahorse,32,4,no,4,0.002103421
mandelbrot_pth,seahorse,32,4,no,5,0.001453581
mandelbrot_pth,seahorse,32,4,no,6,0.001447411
mandelbrot_pth,seahorse,32,4,no,7,0.001337281
mandelbrot_pth,seahorse,32,4,no,8,0.001651121
mandelbrot_pth,seahorse,32,4,no,9,0.001342691
mandelbrot_pth,seahorse,32,4,no,10,0.001701262
mandelbrot_pth,seahorse,32,8,no,1,0.002588332
mandelbrot_pth,seahorse,32,8,no,2,0.001526782
mandelbrot_pth,seahorse,32,8,no,3,0.001964472
mandelbrot_pth,seahorse,32,8,no,4,0.002339102
mandelbrot_pth,seahorse,32,8,no,5,0.001959261
mandelbrot_pth,seahorse,32,8,no,6,0.001503891
mandelbrot_pth,seahorse,32,8,no,7,0.001594911
mandelbrot_pth,seahorse,32,8,no,8,0.001532831
mandelbrot_pth,seahorse,32,8,no,9,0.001635681
mandelbrot_pth,seahorse,32,8,no,10,0.001776241
mandelbrot_pth,seahorse,32,16,no,1,0.002351422
mandelbrot_pth,seahorse,32,16,no,2,0.002030662
mandelbrot_pth,seahorse,32,16,no,3,0.002149352
mandelbrot_pth,seahorse,32,16,no,4,0.002347352
mandelbrot_pth,seahorse,32,16,no,5,0.002296932
mandelbrot_pth,seahorse,32,16,no,6,0.002069522
mandelbrot_pth,seahorse,32,16,no,7,0.002273002
mandelbrot_pth,seahorse,32,16,no,8,0.002298602
mandelbrot_pth,seahorse,32,16,no,9,0.002261602
mandelbrot_pth,seahorse,32,16,no,10,0.002083042
mandelbrot_pth,seahorse,32,32,no,1,0.003137183
mandelbrot_pth,seahorse,32,32,no,2,0.003793003
mandelbrot_pth,seahorse,32,32,no,3,0.003025282
mandelbrot_pth,seahorse,32,32,no,4,0.003127663
mandelbrot_pth,seahorse,32,32,no,5,0.003149773
mandelbrot_pth,seahorse,32,32,no,6,0.003086492
mandelbrot_pth,seahorse,32,32,no,7,0.003125812
mandelbrot_pth,seahorse,32,32,no,8,0.003256373
mandelbrot_pth,seahorse,32,32,no,9,0.002919363
mandelbrot_pth,seahorse,32,32,no,10,0.004040984
mandelbrot_pth,elephant,32,1,no,1,0.001767361
mandelbrot_pth,elephant,32,1,no,2,0.001601211
mandelbrot_pth,elephant,32,1,no,3,0.001705801
mandelbrot_pth,elephant,32,1,no,4,0.001712511
mandelbrot_pth,elephant,32,1,no,5,0.001978932
mandelbrot_pth,elephant,32,1,no,6,0.002137202
mandelbrot_pth,elephant,32,1,no,7,0.002381562
mandelbrot_pth,elephant,32,1,no,8,0.001715381
mandelbrot_pth,elephant,32,1,no,9,0.001792302
mandelbrot_pth,elephant,32,1,no,10,0.002349291
mandelbrot_pth,elephant,32,2,no,1,0.001603001
mandelbrot_pth,elephant,32,2,no,2,0.001416901
mandelbrot_pth,elephant,32,2,no,3,0.002164562
mandelbrot_pth,elephant,32,2,no,4,0.001543991
mandelbrot_pth,elephant,32,2,no,5,0.002202272
mandelbrot_pth,elephant,32,2,no,6,0.001449001
mandelbrot_pth,elephant,32,2,no,7,0.001462331
mandelbrot_pth,elephant,32,2,no,8,0.001485841
mandelbrot_pth,elephant,32,2,no,9,0.001705501
mandelbrot_pth,elephant,32,2,no,10,0.001549451
mandelbrot_pth,elephant,32,4,no,1,0.001491131
mandelbrot_pth,elephant,32,4,no,2,0.001574341
mandelbrot_pth,elephant,32,4,no,3,0.001746911
mandelbrot_pth,elephant,32,4,no,4,0.001809342
mandelbrot_pth,elephant,32,4,no,5,0.001462281
mandelbrot_pth,elephant,32,4,no,6,0.001425651
mandelbrot_pth,elephant,32,4,no,7,0.001470082
mandelbrot_pth,elephant,32,4,no,8,0.001608172
mandelbrot_pth,elephant,32,4,no,9,0.001575231
mandelbrot_pth,elephant,32,4,no,10,0.001526091
mandelbrot_pth,elephant,32,8,no,1,0.001618652
mandelbrot_pth,elephant,32,8,no,2,0.001664312
mandelbrot_pth,elephant,32,8,no,3,0.001586471
mandelbrot_pth,elephant,32,8,no,4,0.002465732
mandelbrot_pth,elephant,32,8,no,5,0.001686251
mandelbrot_pth,elephant,32,8,no,6,0.001575411
mandelbrot_pth,elephant,32,8,no,7,0.001663002
mandelbrot_pth,elephant,32,8,no,8,0.001677291
mandelbrot_pth,elephant,32,8,no,9,0.001605731
mandelbrot_pth,elephant,32,8,no,10,0.001681621
mandelbrot_pth,elephant,32,16,no,1,0.002156582
mandelbrot_pth,elephant,32,16,no,2,0.002255702
mandelbrot_pth,elephant,32,16,no,3,0.003201863
mandelbrot_pth,elephant,32,16,no,4,0.002304262
mandelbrot_pth,elephant,32,16,no,5,0.002053752
mandelbrot_pth,elephant,32,16,no,6,0.002171711
mandelbrot_pth,elephant,32,16,no,7,0.001990382
mandelbrot_pth,elephant,32,16,no,8,0.002145032
mandelbrot_pth,elephant,32,16,no,9,0.002314812
mandelbrot_pth,elephant,32,16,no,10,0.002272581
mandelbrot_pth,elephant,32,32,no,1,0.004101654
mandelbrot_pth,elephant,32,32,no,2,0.003063283
mandelbrot_pth,elephant,32,32,no,3,0.003524923
mandelbrot_pth,elephant,32,32,no,4,0.003120083
mandelbrot_pth,elephant,32,32,no,5,0.002913602
mandelbrot_pth,elephant,32,32,no,6,0.003020532
mandelbrot_pth,elephant,32,32,no,7,0.003066233
mandelbrot_pth,elephant,32,32,no,8,0.003128283
mandelbrot_pth,elephant,32,32,no,9,0.003892664
mandelbrot_pth,elephant,32,32,no,10,0.003021902
mandelbrot_pth,triple_spiral,32,1,no,1,0.001857861
mandelbrot_pth,triple_spiral,32,1,no,2,0.001726801
mandelbrot_pth,triple_spiral,32,1,no,3,0.001721201
mandelbrot_pth,triple_spiral,32,1,no,4,0.001916761
mandelbrot_pth,triple_spiral,32,1,no,5,0.001905922
mandelbrot_pth,triple_spiral,32,1,no,6,0.001785802
mandelbrot_pth,triple_spiral,32,1,no,7,0.001731441
mandelbrot_pth,triple_spiral,32,1,no,8,0.001969012
mandelbrot_pth,triple_spiral,32,1,no,9,0.001830752
mandelbrot_pth,triple_spiral,32,1,no,10,0.001779081
mandelbrot_pth,triple_spiral,32,2,no,1,0.001783911
mandelbrot_pth,triple_spiral,32,2,no,2,0.001702311
mandelbrot_pth,triple_spiral,32,2,no,3,0.002142482
mandelbrot_pth,triple_spiral,32,2,no,4,0.001583081
mandelbrot_pth,triple_spiral,32,2,no,5,0.001707781
mandelbrot_pth,triple_spiral,32,2,no,6,0.002219332
mandelbrot_pth,triple_spiral,32,2,no,7,0.002330011
mandelbrot_pth,triple_spiral,32,2,no,8,0.001709171
mandelbrot_pth,triple_spiral,32,2,no,9,0.001583681
mandelbrot_pth,triple_spiral,32,2,no,10,0.001542931
mandelbrot_pth,triple_spiral,32,4,no,1,0.001649681
mandelbrot_pth,triple_spiral,32,4,no,2,0.001532761
mandelbrot_pth,triple_spiral,32,4,no,3,0.001749971
mandelbrot_pth,triple_spiral,32,4,no,4,0.001592702
mandelbrot_pth,triple_spiral,32,4,no,5,0.001381891
mandelbrot_pth,triple_spiral,32,4,no,6,0.001672561
mandelbrot_pth,triple_spiral,32,4,no,7,0.001945762
mandelbrot_pth,triple_spiral,32,4,no,8,0.001396382
mandelbrot_pth,triple_spiral,32,4,no,9,0.001378702
mandelbrot_pth,triple_spiral,32,4,no,10,0.001693661
mandelbrot_pth,triple_spiral,32,8,no,1,0.001688201
mandelbrot_pth,triple_spiral,32,8,no,2,0.001609491
mandelbrot_pth,triple_spiral,32,8,no,3,0.001595171
mandelbrot_pth,triple_spiral,32,8,no,4,0.001577422
mandelbrot_pth,triple_spiral,32,8,no,5,0.001562561
mandelbrot_pth,triple_spiral,32,8,no,6,0.001504221
mandelbrot_pth,triple_spiral,32,8,no,7,0.001759352
mandelbrot_pth,triple_spiral,32,8,no,8,0.001543301
mandelbrot_pth,triple_spiral,32,8,no,9,0.002663582
mandelbrot_pth,triple_spiral,32,8,no,10,0.001566852
mandelbrot_pth,triple_spiral,32,16,no,1,0.002139232
mandelbrot_pth,triple_spiral,32,16,no,2,0.003234092
mandelbrot_pth,triple_spiral,32,16,no,3,0.002080991
mandelbrot_pth,triple_spiral,32,16,no,4,0.002220582
mandelbrot_pth,triple_spiral,32,16,no,5,0.002467152
mandelbrot_pth,triple_spiral,32,16,no,6,0.003115353
mandelbrot_pth,triple_spiral,32,16,no,7,0.002136141
mandelbrot_pth,triple_spiral,32,16,no,8,0.002184201
mandelbrot_pth,triple_spiral,32,16,no,9,0.002105932
mandelbrot_pth,triple_spiral,32,16,no,10,0.002054082
mandelbrot_pth,triple_spiral,32,32,no,1,0.003039732
mandelbrot_pth,triple_spiral,32,32,no,2,0.003184693
mandelbrot_pth,triple_spiral,32,32,no,3,0.003074642
mandelbrot_pth,triple_spiral,32,32,no,4,0.003248233
mandelbrot_pth,triple_spiral,32,32,no,5,0.002927542
mandelbrot_pth,triple_spiral,32,32,no,6,0.003082172
mandelbrot_pth,triple_spiral,32,32,no,7,0.003035893
mandelbrot_pth,triple_spiral,32,32,no,8,0.003121903
mandelbrot_pth,triple_spiral,32,32,no,9,0.003194083
mandelbrot_pth,triple_spiral,32,32,no,10,0.003232082
mandelbrot_pth,full,64,1,no,1,0.001449031
mandelbrot_pth,full,64,1,no,2,0.001467641
mandelbrot_pth,full,64,1,no,3,0.001459011
mandelbrot_pth,full,64,1,no,4,0.001539371
mandelbrot_pth,full,64,1,no,5,0.001598132
mandelbrot_pth,full,64,1,no,6,0.001367611
mandelbrot_pth,full,64,1,no,7,0.001710572
mandelbrot_pth,full,64,1,no,8,0.001466551
mandelbrot_pth,full,64,1,no,9,0.001428262
mandelbrot_pth,full,64,1,no,10,0.002042082
mandelbrot_pth,full,64,2,no,1,0.001424061
mandelbrot_pth,full,64,2,no,2,0.001293461
mandelbrot_pth,full,64,2,no,3,0.001303001
mandelbrot_pth,full,64,2,no,4,0.001366861
mandelbrot_pth,full,64,2,no,5,0.002275932
mandelbrot_pth,full,64,2,no,6,0.001280411
mandelbrot_pth,full,64,2,no,7,0.001239011
mandelbrot_pth,full,64,2,no,8,0.001695142
mandelbrot_pth,full,64,2,no,9,0.001596391
mandelbrot_pth,full,64,2,no,10,0.001550281
mandelbrot_pth,full,64,4,no,1,0.001398961
mandelbrot_pth,full,64,4,no,2,0.002053471
mandelbrot_pth,full,64,4,no,3,0.001554441
mandelbrot_pth,full,64,4,no,4,0.001453521
mandelbrot_pth,full,64,4,no,5,0.001657722
mandelbrot_pth,full,64,4,no,6,0.001997451
mandelbrot_pth,full,64,4,no,7,0.002142792
mandelbrot_pth,full,64,4,no,8,0.001341561
mandelbrot_pth,full,64,4,no,9,0.001728661
mandelbrot_pth,full,64,4,no,10,0.002387402
mandelbrot_pth,full,64,8,no,1,0.001662672
mandelbrot_pth,full,64,8,no,2,0.001506912
mandelbrot_pth,full,64,8,no,3,0.001523111
mandelbrot_pth,full,64,8,no,4,0.001695491
mandelbrot_pth,full,64,8,no,5,0.001881682
mandelbrot_pth,full,64,8,no,6,0.002453102
mandelbrot_pth,full,64,8,no,7,0.001633721
mandelbrot_pth,full,64,8,no,8,0.001638422
mandelbrot_pth,full,64,8,no,9,0.001580131
mandelbrot_pth,full,64,8,no,10,0.001714542
mandelbrot_pth,full,64,16,no,1,0.002205611
mandelbrot_pth,full,64,16,no,2,0.002090572
mandelbrot_pth,full,64,16,no,3,0.002070742
mandelbrot_pth,full,64,16,no,4,0.002106571
mandelbrot_pth,full,64,16,no,5,0.002065331
mandelbrot_pth,full,64,16,no,6,0.001957922
mandelbrot_pth,full,64,16,no,7,0.002073312
mandelbrot_pth,full,64,16,no,8,0.002122482
mandelbrot_pth,full,64,16,no,9,0.002144842
mandelbrot_pth,full,64,16,no,10,0.002065201
mandelbrot_pth,full,64,32,no,1,0.003095632
mandelbrot_pth,full,64,32,no,2,0.003022812
mandelbrot_pth,full,64,32,no,3,0.002920492
mandelbrot_pth,full,64,32,no,4,0.003154593
mandelbrot_pth,full,64,32,no,5,0.004497474
mandelbrot_pth,full,64,32,no,6,0.003307563
mandelbrot_pth,full,64,32,no,7,0.003337163
mandelbrot_pth,full,64,32,no,8,0.003281383
mandelbrot_pth,full,64,32,no,9,0.003041263
mandelbrot_pth,full,64,32,no,10,0.003031892
mandelbrot_pth,seahorse,64,1,no,1,0.003285203
mandelbrot_pth,seahorse,64,1,no,2,0.003373993
mandelbrot_pth,seahorse,64,1,no,3,0.003382263
mandelbrot_pth,seahorse,64,1,no,4,0.004497514
mandelbrot_pth,seahorse,64,1,no,5,0.004329353
mandelbrot_pth,seahorse,64,1,no,6,0.003433563
mandelbrot_pth,seahorse,64,1,no,7,0.003238483
mandelbrot_pth,seahorse,64,1,no,8,0.003668484
mandelbrot_pth,seahorse,64,1,no,9,0.003311672
mandelbrot_pth,seahorse,64,1,no,10,0.004852794
mandelbrot_pth,seahorse,64,2,no,1,0.002353082
mandelbrot_pth,seahorse,64,2,no,2,0.002762753
mandelbrot_pth,seahorse,64,2,no,3,0.003677944
mandelbrot_pth,seahorse,64,2,no,4,0.002545292
mandelbrot_pth,seahorse,64,2,no,5,0.003417633
mandelbrot_pth,seahorse,64,2,no,6,0.002296472
mandelbrot_pth,seahorse,64,2,no,7,0.002480213
mandelbrot_pth,seahorse,64,2,no,8,0.002298162
mandelbrot_pth,seahorse,64,2,no,9,0.002507692
mandelbrot_pth,seahorse,64,2,no,10,0.002223242
mandelbrot_pth,seahorse,64,4,no,1,0.002170342
mandelbrot_pth,seahorse,64,4,no,2,0.002052161
mandelbrot_pth,seahorse,64,4,no,3,0.001960391
mandelbrot_pth,seahorse,64,4,no,4,0.001985021
mandelbrot_pth,seahorse,64,4,no,5,0.001921852
mandelbrot_pth,seahorse,64,4,no,6,0.002095702
mandelbrot_pth,seahorse,64,4,no,7,0.001771261
mandelbrot_pth,seahorse,64,4,no,8,0.001887842
mandelbrot_pth,seahorse,64,4,no,9,0.002159402
mandelbrot_pth,seahorse,64,4,no,10,0.001925282
mandelbrot_pth,seahorse,64,8,no,1,0.002000981
mandelbrot_pth,seahorse,64,8,no,2,0.001881762
mandelbrot_pth,seahorse,64,8,no,3,0.002337732
mandelbrot_pth,seahorse,64,8,no,4,0.001838072
mandelbrot_pth,seahorse,64,8,no,5,0.003107932
mandelbrot_pth,seahorse,64,8,no,6,0.001810112
mandelbrot_pth,seahorse,64,8,no,7,0.002052122
mandelbrot_pth,seahorse,64,8,no,8,0.001737271
mandelbrot_pth,seahorse,64,8,no,9,0.001950961
mandelbrot_pth,seahorse,64,8,no,10,0.001883981
mandelbrot_pth,seahorse,64,16,no,1,0.002204872
mandelbrot_pth,seahorse,64,16,no,2,0.003260973
mandelbrot_pth,seahorse,64,16,no,3,0.002154352
mandelbrot_pth,seahorse,64,16,no,4,0.002783612
mandelbrot_pth,seahorse,64,16,no,5,0.002381652
mandelbrot_pth,seahorse,64,16,no,6,0.002286372
mandelbrot_pth,seahorse,64,16,no,7,0.002830222
mandelbrot_pth,seahorse,64,16,no,8,0.002020832
mandelbrot_pth,seahorse,64,16,no,9,0.002189002
mandelbrot_pth,seahorse,64,16,no,10,0.002052981
mandelbrot_pth,seahorse,64,32,no,1,0.003948453
mandelbrot_pth,seahorse,64,32,no,2,0.003186643
mandelbrot_pth,seahorse,64,32,no,3,0.003155782
mandelbrot_pth,seahorse,64,32,no,4,0.003280493
mandelbrot_pth,seahorse,64,32,no,5,0.003006263
mandelbrot_pth,seahorse,64,32,no,6,0.003087102
mandelbrot_pth,seahorse,64,32,no,7,0.003118723
mandelbrot_pth,seahorse,64,32,no,8,0.003050433
mandelbrot_pth,seahorse,64,32,no,9,0.002995332
mandelbrot_pth,seahorse,64,32,no,10,0.003044523
mandelbrot_pth,elephant,64,1,no,1,0.003380443
mandelbrot_pth,elephant,64,1,no,2,0.003176173
mandelbrot_pth,elephant,64,1,no,3,0.003136633
mandelbrot_pth,elephant,64,1,no,4,0.003270393
mandelbrot_pth,elephant,64,1,no,5,0.003318293
mandelbrot_pth,elephant,64,1,no,6,0.003109943
mandelbrot_pth,elephant,64,1,no,7,0.003236693
mandelbrot_pth,elephant,64,1,no,8,0.003323873
mandelbrot_pth,elephant,64,1,no,9,0.003352933
mandelbrot_pth,elephant,64,1,no,10,0.003240393
mandelbrot_pth,elephant,64,2,no,1,0.002494372
mandelbrot_pth,elephant,64,2,no,2,0.002269382
mandelbrot_pth,elephant,64,2,no,3,0.002257342
mandelbrot_pth,elephant,64,2,no,4,0.002677042
mandelbrot_pth,elephant,64,2,no,5,0.002561322
mandelbrot_pth,elephant,64,2,no,6,0.002550312
mandelbrot_pth,elephant,64,2,no,7,0.002210262
mandelbrot_pth,elephant,64,2,no,8,0.002551482
mandelbrot_pth,elephant,64,2,no,9,0.002398182
mandelbrot_pth,elephant,64,2,no,10,0.002440652
mandelbrot_pth,elephant,64,4,no,1,0.001852681
mandelbrot_pth,elephant,64,4,no,2,0.001977072
mandelbrot_pth,elephant,64,4,no,3,0.002026852
mandelbrot_pth,elephant,64,4,no,4,0.002708122
mandelbrot_pth,elephant,64,4,no,5,0.002020932
mandelbrot_pth,elephant,64,4,no,6,0.002219722
mandelbrot_pth,elephant,64,4,no,7,0.001975582
mandelbrot_pth,elephant,64,4,no,8,0.001892011
mandelbrot_pth,elephant,64,4,no,9,0.002012222
mandelbrot_pth,elephant,64,4,no,10,0.001817622
mandelbrot_pth,elephant,64,8,no,1,0.002099042
mandelbrot_pth,elephant,64,8,no,2,0.001775461
mandelbrot_pth,elephant,64,8,no,3,0.002617723
mandelbrot_pth,elephant,64,8,no,4,0.002138932
mandelbrot_pth,elephant,64,8,no,5,0.002648902
mandelbrot_pth,elephant,64,8,no,6,0.002274382
mandelbrot_pth,elephant,64,8,no,7,0.002740932
mandelbrot_pth,elephant,64,8,no,8,0.002441712
mandelbrot_pth,elephant,64,8,no,9,0.001839632
mandelbrot_pth,elephant,64,8,no,10,0.002654853
mandelbrot_pth,elephant,64,16,no,1,0.002277132
mandelbrot_pth,elephant,64,16,no,2,0.002614713
mandelbrot_pth,elephant,64,16,no,3,0.002329202
mandelbrot_pth,elephant,64,16,no,4,0.002232062
mandelbrot_pth,elephant,64,16,no,5,0.002105962
mandelbrot_pth,elephant,64,16,no,6,0.002295492
mandelbrot_pth,elephant,64,16,no,7,0.003284833
mandelbrot_pth,elephant,64,16,no,8,0.002040772
mandelbrot_pth,elephant,64,16,no,9,0.002131522
mandelbrot_pth,elephant,64,16,no,10,0.002617153
mandelbrot_pth,elephant,64,32,no,1,0.003518624
mandelbrot_pth,elephant,64,32,no,2,0.003293403
mandelbrot_pth,elephant,64,32,no,3,0.003167783
mandelbrot_pth,elephant,64,32,no,4,0.003201373
mandelbrot_pth,elephant,64,32,no,5,0.003024733
mandelbrot_pth,elephant,64,32,no,6,0.003213653
mandelbrot_pth,elephant,64,32,no,7,0.003013253
mandelbrot_pth,elephant,64,32,no,8,0.003158853
mandelbrot_pth,elephant,64,32,no,9,0.003155713
mandelbrot_pth,elephant,64,32,no,10,0.003217533
mandelbrot_pth,triple_spiral,64,1,no,1,0.003577603
mandelbrot_pth,triple_spiral,64,1,no,2,0.003725893
mandelbrot_pth,triple_spiral,64,1,no,3,0.003831234
mandelbrot_pth,triple_spiral,64,1,no,4,0.004797915
mandelbrot_pth,triple_spiral,64,1,no,5,0.003795953
mandelbrot_pth,triple_spiral,64,1,no,6,0.003683813
mandelbrot_pth,triple_spiral,64,1,no,7,0.003694553
mandelbrot_pth,triple_spiral,64,1,no,8,0.004195763
mandelbrot_pth,triple_spiral,64,1,no,9,0.004715634
mandelbrot_pth,triple_spiral,64,1,no,10,0.003793274
mandelbrot_pth,triple_spiral,64,2,no,1,0.003052152
mandelbrot_pth,triple_spiral,64,2,no,2,0.002468182
mandelbrot_pth,triple_spiral,64,2,no,3,0.002472942
mandelbrot_pth,triple_spiral,64,2,no,4,0.002449502
mandelbrot_pth,triple_spiral,64,2,no,5,0.002355182
mandelbrot_pth,triple_spiral,64,2,no,6,0.002359693
mandelbrot_pth,triple_spiral,64,2,no,7,0.002512892
mandelbrot_pth,triple_spiral,64,2,no,8,0.002366922
mandelbrot_pth,triple_spiral,64,2,no,9,0.002401053
mandelbrot_pth,triple_spiral,64,2,no,10,0.002489732
mandelbrot_pth,triple_spiral,64,4,no,1,0.002010612
mandelbrot_pth,triple_spiral,64,4,no,2,0.002021802
mandelbrot_pth,triple_spiral,64,4,no,3,0.002036971
mandelbrot_pth,triple_spiral,64,4,no,4,0.002355223
mandelbrot_pth,triple_spiral,64,4,no,5,0.002464153
mandelbrot_pth,triple_spiral,64,4,no,6,0.002824342
mandelbrot_pth,triple_spiral,64,4,no,7,0.001909682
mandelbrot_pth,triple_spiral,64,4,no,8,0.002189442
mandelbrot_pth,triple_spiral,64,4,no,9,0.001916392
mandelbrot_pth,triple_spiral,64,4,no,10,0.002307962
mandelbrot_pth,triple_spiral,64,8,no,1,0.002319832
mandelbrot_pth,triple_spiral,64,8,no,2,0.002201212
mandelbrot_pth,triple_spiral,64,8,no,3,0.002084722
mandelbrot_pth,triple_spiral,64,8,no,4,0.001926961
mandelbrot_pth,triple_spiral,64,8,no,5,0.002238102
mandelbrot_pth,triple_spiral,64,8,no,6,0.002072772
mandelbrot_pth,triple_spiral,64,8,no,7,0.002386152
mandelbrot_pth,triple_spiral,64,8,no,8,0.002038062
mandelbrot_pth,triple_spiral,64,8,no,9,0.001889202
mandelbrot_pth,triple_spiral,64,8,no,10,0.001809261
mandelbrot_pth,triple_spiral,64,16,no,1,0.003147512
mandelbrot_pth,triple_spiral,64,16,no,2,0.002119641
mandelbrot_pth,triple_spiral,64,16,no,3,0.002104482
mandelbrot_pth,triple_spiral,64,16,no,4,0.002170252
mandelbrot_pth,triple_spiral,64,16,no,5,0.002181272
mandelbrot_pth,triple_spiral,64,16,no,6,0.002139012
mandelbrot_pth,triple_spiral,64,16,no,7,0.002029692
mandelbrot_pth,triple_spiral,64,16,no,8,0.002156582
mandelbrot_pth,triple_spiral,64,16,no,9,0.002085732
mandelbrot_pth,triple_spiral,64,16,no,10,0.002006832
mandelbrot_pth,triple_spiral,64,32,no,1,0.003333943
mandelbrot_pth,triple_spiral,64,32,no,2,0.003105873
mandelbrot_pth,triple_spiral,64,32,no,3,0.003160163
mandelbrot_pth,triple_spiral,64,32,no,4,0.002934583
mandelbrot_pth,triple_spiral,64,32,no,5,0.002935022
mandelbrot_pth,triple_spiral,64,32,no,6,0.003054162
mandelbrot_pth,triple_spiral,64,32,no,7,0.003045473
mandelbrot_pth,triple_spiral,64,32,no,8,0.003082112
mandelbrot_pth,triple_spiral,64,32,no,9,0.003109513
mandelbrot_pth,triple_spiral,64,32,no,10,0.003064783
mandelbrot_pth,full,128,1,no,1,0.002432652
mandelbrot_pth,full,128,1,no,2,0.002167672
mandelbrot_pth,full,128,1,no,3,0.002230592
mandelbrot_pth,full,128,1,no,4,0.002327162
mandelbrot_pth,full,128,1,no,5,0.002547552
mandelbrot_pth,full,128,1,no,6,0.002245512
mandelbrot_pth,full,128,1,no,7,0.002328332
mandelbrot_pth,full,128,1,no,8,0.003095682
mandelbrot_pth,full,128,1,no,9,0.002860493
mandelbrot_pth,full,128,1,no,10,0.002448962
mandelbrot_pth,full,128,2,no,1,0.001877502
mandelbrot_pth,full,128,2,no,2,0.002021952
mandelbrot_pth,full,128,2,no,3,0.001864881
mandelbrot_pth,full,128,2,no,4,0.002015322
mandelbrot_pth,full,128,2,no,5,0.001870441
mandelbrot_pth,full,128,2,no,6,0.001760141
mandelbrot_pth,full,128,2,no,7,0.001963792
mandelbrot_pth,full,128,2,no,8,0.001693412
mandelbrot_pth,full,128,2,no,9,0.002565933
mandelbrot_pth,full,128,2,no,10,0.001929912
mandelbrot_pth,full,128,4,no,1,0.001726341
mandelbrot_pth,full,128,4,no,2,0.001954481
mandelbrot_pth,full,128,4,no,3,0.001610832
mandelbrot_pth,full,128,4,no,4,0.001764382
mandelbrot_pth,full,128,4,no,5,0.001577112
mandelbrot_pth,full,128,4,no,6,0.001603611
mandelbrot_pth,full,128,4,no,7,0.001685712
mandelbrot_pth,full,128,4,no,8,0.001544702
mandelbrot_pth,full,128,4,no,9,0.001695302
mandelbrot_pth,full,128,4,no,10,0.001629901
mandelbrot_pth,full,128,8,no,1,0.001684381
mandelbrot_pth,full,128,8,no,2,0.001820952
mandelbrot_pth,full,128,8,no,3,0.001720012
mandelbrot_pth,full,128,8,no,4,0.002110182
mandelbrot_pth,full,128,8,no,5,0.002443642
mandelbrot_pth,full,128,8,no,6,0.002216122
mandelbrot_pth,full,128,8,no,7,0.001586101
mandelbrot_pth,full,128,8,no,8,0.001864942
mandelbrot_pth,full,128,8,no,9,0.001696091
mandelbrot_pth,full,128,8,no,10,0.001669461
mandelbrot_pth,full,128,16,no,1,0.002074222
mandelbrot_pth,full,128,16,no,2,0.002007561
mandelbrot_pth,full,128,16,no,3,0.002319492
mandelbrot_pth,full,128,16,no,4,0.002321342
mandelbrot_pth,full,128,16,no,5,0.002013481
mandelbrot_pth,full,128,16,no,6,0.002004952
mandelbrot_pth,full,128,16,no,7,0.002061552
mandelbrot_pth,full,128,16,no,8,0.001994222
mandelbrot_pth,full,128,16,no,9,0.002284512
mandelbrot_pth,full,128,16,no,10,0.001914922
mandelbrot_pth,full,128,32,no,1,0.002914772
mandelbrot_pth,full,128,32,no,2,0.003661434
mandelbrot_pth,full,128,32,no,3,0.003213363
mandelbrot_pth,full,128,32,no,4,0.003030423
mandelbrot_pth,full,128,32,no,5,0.002995413
mandelbrot_pth,full,128,32,no,6,0.003098292
mandelbrot_pth,full,128,32,no,7,0.002985903
mandelbrot_pth,full,128,32,no,8,0.003530564
mandelbrot_pth,full,128,32,no,9,0.003044143
mandelbrot_pth,full,128,32,no,10,0.003248223
mandelbrot_pth,seahorse,128,1,no,1,0.010059909
mandelbrot_pth,seahorse,128,1,no,2,0.009803119
mandelbrot_pth,seahorse,128,1,no,3,0.009894489
mandelbrot_pth,seahorse,128,1,no,4,0.009797428
mandelbrot_pth,seahorse,128,1,no,5,0.010093130
mandelbrot_pth,seahorse,128,1,no,6,0.010158139
mandelbrot_pth,seahorse,128,1,no,7,0.010153310
mandelbrot_pth,seahorse,128,1,no,8,0.010286399
mandelbrot_pth,seahorse,128,1,no,9,0.010496309
mandelbrot_pth,seahorse,128,1,no,10,0.010155799
mandelbrot_pth,seahorse,128,2,no,1,0.006441316
mandelbrot_pth,seahorse,128,2,no,2,0.005718775
mandelbrot_pth,seahorse,128,2,no,3,0.005815665
mandelbrot_pth,seahorse,128,2,no,4,0.005903106
mandelbrot_pth,seahorse,128,2,no,5,0.005654015
mandelbrot_pth,seahorse,128,2,no,6,0.006340586
mandelbrot_pth,seahorse,128,2,no,7,0.005782985
mandelbrot_pth,seahorse,128,2,no,8,0.006651246
mandelbrot_pth,seahorse,128,2,no,9,0.006408015
mandelbrot_pth,seahorse,128,2,no,10,0.005999985
mandelbrot_pth,seahorse,128,4,no,1,0.003861284
mandelbrot_pth,seahorse,128,4,no,2,0.004071694
mandelbrot_pth,seahorse,128,4,no,3,0.004261664
mandelbrot_pth,seahorse,128,4,no,4,0.003578373
mandelbrot_pth,seahorse,128,4,no,5,0.003677753
mandelbrot_pth,seahorse,128,4,no,6,0.003618773
mandelbrot_pth,seahorse,128,4,no,7,0.003765353
mandelbrot_pth,seahorse,128,4,no,8,0.003535533
mandelbrot_pth,seahorse,128,4,no,9,0.003869513
mandelbrot_pth,seahorse,128,4,no,10,0.003818094
mandelbrot_pth,seahorse,128,8,no,1,0.003856214
mandelbrot_pth,seahorse,128,8,no,2,0.002652842
mandelbrot_pth,seahorse,128,8,no,3,0.002801922
mandelbrot_pth,seahorse,128,8,no,4,0.003112873
mandelbrot_pth,seahorse,128,8,no,5,0.002648912
mandelbrot_pth,seahorse,128,8,no,6,0.002644652
mandelbrot_pth,seahorse,128,8,no,7,0.002748123
mandelbrot_pth,seahorse,128,8,no,8,0.002748712
mandelbrot_pth,seahorse,128,8,no,9,0.002569463
mandelbrot_pth,seahorse,128,8,no,10,0.002607163
mandelbrot_pth,seahorse,128,16,no,1,0.002946053
mandelbrot_pth,seahorse,128,16,no,2,0.002948992
mandelbrot_pth,seahorse,128,16,no,3,0.002972862
mandelbrot_pth,seahorse,128,16,no,4,0.002403802
mandelbrot_pth,seahorse,128,16,no,5,0.002321092
mandelbrot_pth,seahorse,128,16,no,6,0.003536834
mandelbrot_pth,seahorse,128,16,no,7,0.002662383
mandelbrot_pth,seahorse,128,16,no,8,0.002380662
mandelbrot_pth,seahorse,128,16,no,9,0.002597412
mandelbrot_pth,seahorse,128,16,no,10,0.002330463
mandelbrot_pth,seahorse,128,32,no,1,0.003328833
mandelbrot_pth,seahorse,128,32,no,2,0.003364473
mandelbrot_pth,seahorse,128,32,no,3,0.002930963
mandelbrot_pth,seahorse,128,32,no,4,0.003096193
mandelbrot_pth,seahorse,128,32,no,5,0.003097213
mandelbrot_pth,seahorse,128,32,no,6,0.003024502
mandelbrot_pth,seahorse,128,32,no,7,0.003213853
mandelbrot_pth,seahorse,128,32,no,8,0.003000153
mandelbrot_pth,seahorse,128,32,no,9,0.003154053
mandelbrot_pth,seahorse,128,32,no,10,0.003120933
mandelbrot_pth,elephant,128,1,no,1,0.009431799
mandelbrot_pth,elephant,128,1,no,2,0.009316889
mandelbrot_pth,elephant,128,1,no,3,0.009468229
mandelbrot_pth,elephant,128,1,no,4,0.009372349
mandelbrot_pth,elephant,128,1,no,5,0.009707719
mandelbrot_pth,elephant,128,1,no,6,0.010150390
mandelbrot_pth,elephant,128,1,no,7,0.009634599
mandelbrot_pth,elephant,128,1,no,8,0.009281968
mandelbrot_pth,elephant,128,1,no,9,0.010648130
mandelbrot_pth,elephant,128,1,no,10,0.009448919
mandelbrot_pth,elephant,128,2,no,1,0.006084146
mandelbrot_pth,elephant,128,2,no,2,0.006477486
mandelbrot_pth,elephant,128,2,no,3,0.006376146
mandelbrot_pth,elephant,128,2,no,4,0.005337025
mandelbrot_pth,elephant,128,2,no,5,0.005797926
mandelbrot_pth,elephant,128,2,no,6,0.005546425
mandelbrot_pth,elephant,128,2,no,7,0.005727195
mandelbrot_pth,elephant,128,2,no,8,0.005461715
mandelbrot_pth,elephant,128,2,no,9,0.005656505
mandelbrot_pth,elephant,128,2,no,10,0.005658365
mandelbrot_pth,elephant,128,4,no,1,0.003713464
mandelbrot_pth,elephant,128,4,no,2,0.004369434
mandelbrot_pth,elephant,128,4,no,3,0.003588003
mandelbrot_pth,elephant,128,4,no,4,0.003725273
mandelbrot_pth,elephant,128,4,no,5,0.003675694
mandelbrot_pth,elephant,128,4,no,6,0.003577644
mandelbrot_pth,elephant,128,4,no,7,0.003883864
mandelbrot_pth,elephant,128,4,no,8,0.003664363
mandelbrot_pth,elephant,128,4,no,9,0.003667724
mandelbrot_pth,elephant,128,4,no,10,0.003724144
mandelbrot_pth,elephant,128,8,no,1,0.003421534
mandelbrot_pth,elephant,128,8,no,2,0.002625992
mandelbrot_pth,elephant,128,8,no,3,0.002682403
mandelbrot_pth,elephant,128,8,no,4,0.002827043
mandelbrot_pth,elephant,128,8,no,5,0.002678403
mandelbrot_pth,elephant,128,8,no,6,0.003400713
mandelbrot_pth,elephant,128,8,no,7,0.002691842
mandelbrot_pth,elephant,128,8,no,8,0.003017543
mandelbrot_pth,elephant,128,8,no,9,0.002842773
mandelbrot_pth,elephant,128,8,no,10,0.003747333
mandelbrot_pth,elephant,128,16,no,1,0.002905293
mandelbrot_pth,elephant,128,16,no,2,0.003121832
mandelbrot_pth,elephant,128,16,no,3,0.002663943
mandelbrot_pth,elephant,128,16,no,4,0.002893222
mandelbrot_pth,elephant,128,16,no,5,0.002442783
mandelbrot_pth,elephant,128,16,no,6,0.003308483
mandelbrot_pth,elephant,128,16,no,7,0.003017163
mandelbrot_pth,elephant,128,16,no,8,0.003486164
mandelbrot_pth,elephant,128,16,no,9,0.002529123
mandelbrot_pth,elephant,128,16,no,10,0.003153673
mandelbrot_pth,elephant,128,32,no,1,0.004338994
mandelbrot_pth,elephant,128,32,no,2,0.003081683
mandelbrot_pth,elephant,128,32,no,3,0.003156853
mandelbrot_pth,elephant,128,32,no,4,0.003441753
mandelbrot_pth,elephant,128,32,no,5,0.002929803
mandelbrot_pth,elephant,128,32,no,6,0.003125263
mandelbrot_pth,elephant,128,32,no,7,0.003081103
mandelbrot_pth,elephant,128,32,no,8,0.002993453
mandelbrot_pth,elephant,128,32,no,9,0.003195743
mandelbrot_pth,elephant,128,32,no,10,0.002949443
mandelbrot_pth,triple_spiral,128,1,no,1,0.011234051
mandelbrot_pth,triple_spiral,128,1,no,2,0.011846491
mandelbrot_pth,triple_spiral,128,1,no,3,0.011249881
mandelbrot_pth,triple_spiral,128,1,no,4,0.011071760
mandelbrot_pth,triple_spiral,128,1,no,5,0.011471491
mandelbrot_pth,triple_spiral,128,1,no,6,0.012538102
mandelbrot_pth,triple_spiral,128,1,no,7,0.011081950
mandelbrot_pth,triple_spiral,128,1,no,8,0.012268061
mandelbrot_pth,triple_spiral,128,1,no,9,0.011902721
mandelbrot_pth,triple_spiral,128,1,no,10,0.010998380
mandelbrot_pth,triple_spiral,128,2,no,1,0.007054846
mandelbrot_pth,triple_spiral,128,2,no,2,0.006548857
mandelbrot_pth,triple_spiral,128,2,no,3,0.007444987
mandelbrot_pth,triple_spiral,128,2,no,4,0.006521216
mandelbrot_pth,triple_spiral,128,2,no,5,0.006689866
mandelbrot_pth,triple_spiral,128,2,no,6,0.006734716
mandelbrot_pth,triple_spiral,128,2,no,7,0.006592247
mandelbrot_pth,triple_spiral,128,2,no,8,0.006947257
mandelbrot_pth,triple_spiral,128,2,no,9,0.006470186
mandelbrot_pth,triple_spiral,128,2,no,10,0.007267007
mandelbrot_pth,triple_spiral,128,4,no,1,0.004446574
mandelbrot_pth,triple_spiral,128,4,no,2,0.004111074
mandelbrot_pth,triple_spiral,128,4,no,3,0.004227564
mandelbrot_pth,triple_spiral,128,4,no,4,0.004158094
mandelbrot_pth,triple_spiral,128,4,no,5,0.003903064
mandelbrot_pth,triple_spiral,128,4,no,6,0.004054424
mandelbrot_pth,triple_spiral,128,4,no,7,0.004006184
mandelbrot_pth,triple_spiral,128,4,no,8,0.004003454
mandelbrot_pth,triple_spiral,128,4,no,9,0.003884673
mandelbrot_pth,triple_spiral,128,4,no,10,0.003981194
mandelbrot_pth,triple_spiral,128,8,no,1,0.003125753
mandelbrot_pth,triple_spiral,128,8,no,2,0.003013763
mandelbrot_pth,triple_spiral,128,8,no,3,0.003095693
mandelbrot_pth,triple_spiral,128,8,no,4,0.002947953
mandelbrot_pth,triple_spiral,128,8,no,5,0.003179053
mandelbrot_pth,triple_spiral,128,8,no,6,0.002977662
mandelbrot_pth,triple_spiral,128,8,no,7,0.002911733
mandelbrot_pth,triple_spiral,128,8,no,8,0.002941813
mandelbrot_pth,triple_spiral,128,8,no,9,0.002886772
mandelbrot_pth,triple_spiral,128,8,no,10,0.002909773
mandelbrot_pth,triple_spiral,128,16,no,1,0.003008793
mandelbrot_pth,triple_spiral,128,16,no,2,0.002712252
mandelbrot_pth,triple_spiral,128,16,no,3,0.002746583
mandelbrot_pth,triple_spiral,128,16,no,4,0.002819383
mandelbrot_pth,triple_spiral,128,16,no,5,0.002548492
mandelbrot_pth,triple_spiral,128,16,no,6,0.002672983
mandelbrot_pth,triple_spiral,128,16,no,7,0.002911533
mandelbrot_pth,triple_spiral,128,16,no,8,0.003143303
mandelbrot_pth,triple_spiral,128,16,no,9,0.002659523
mandelbrot_pth,triple_spiral,128,16,no,10,0.002590122
mandelbrot_pth,triple_spiral,128,32,no,1,0.003420993
mandelbrot_pth,triple_spiral,128,32,no,2,0.003076693
mandelbrot_pth,triple_spiral,128,32,no,3,0.003025073
mandelbrot_pth,triple_spiral,128,32,no,4,0.003820854
mandelbrot_pth,triple_spiral,128,32,no,5,0.003085403
mandelbrot_pth,triple_spiral,128,32,no,6,0.003359933
mandelbrot_pth,triple_spiral,128,32,no,7,0.003633494
mandelbrot_pth,triple_spiral,128,32,no,8,0.003355673
mandelbrot_pth,triple_spiral,128,32,no,9,0.003044323
mandelbrot_pth,triple_spiral,128,32,no,10,0.003222053
mandelbrot_pth,full,256,1,no,1,0.005974156
mandelbrot_pth,full,256,1,no,2,0.006055625
mandelbrot_pth,full,256,1,no,3,0.005738255
mandelbrot_pth,full,256,1,no,4,0.006046235
mandelbrot_pth,full,256,1,no,5,0.006128486
mandelbrot_pth,full,256,1,no,6,0.006595716
mandelbrot_pth,full,256,1,no,7,0.005928726
mandelbrot_pth,full,256,1,no,8,0.007242156
mandelbrot_pth,full,256,1,no,9,0.005749676
mandelbrot_pth,full,256,1,no,10,0.006219166
mandelbrot_pth,full,256,2,no,1,0.004114074
mandelbrot_pth,full,256,2,no,2,0.003961293
mandelbrot_pth,full,256,2,no,3,0.003461923
mandelbrot_pth,full,256,2,no,4,0.004007984
mandelbrot_pth,full,256,2,no,5,0.004049314
mandelbrot_pth,full,256,2,no,6,0.004360034
mandelbrot_pth,full,256,2,no,7,0.003502663
mandelbrot_pth,full,256,2,no,8,0.003628304
mandelbrot_pth,full,256,2,no,9,0.004094064
mandelbrot_pth,full,256,2,no,10,0.003589164
mandelbrot_pth,full,256,4,no,1,0.002431282
mandelbrot_pth,full,256,4,no,2,0.002482973
mandelbrot_pth,full,256,4,no,3,0.003297573
mandelbrot_pth,full,256,4,no,4,0.002736633
mandelbrot_pth,full,256,4,no,5,0.002540462
mandelbrot_pth,full,256,4,no,6,0.002869752
mandelbrot_pth,full,256,4,no,7,0.003086233
mandelbrot_pth,full,256,4,no,8,0.002643342
mandelbrot_pth,full,256,4,no,9,0.002870543
mandelbrot_pth,full,256,4,no,10,0.002721533
mandelbrot_pth,full,256,8,no,1,0.002953793
mandelbrot_pth,full,256,8,no,2,0.002621313
mandelbrot_pth,full,256,8,no,3,0.002621382
mandelbrot_pth,full,256,8,no,4,0.002156332
mandelbrot_pth,full,256,8,no,5,0.002945223
mandelbrot_pth,full,256,8,no,6,0.002359482
mandelbrot_pth,full,256,8,no,7,0.002942433
mandelbrot_pth,full,256,8,no,8,0.002162332
mandelbrot_pth,full,256,8,no,9,0.002169882
mandelbrot_pth,full,256,8,no,10,0.002029572
mandelbrot_pth,full,256,16,no,1,0.002351353
mandelbrot_pth,full,256,16,no,2,0.002294473
mandelbrot_pth,full,256,16,no,3,0.002129182
mandelbrot_pth,full,256,16,no,4,0.002313762
mandelbrot_pth,full,256,16,no,5,0.002403653
mandelbrot_pth,full,256,16,no,6,0.002390552
mandelbrot_pth,full,256,16,no,7,0.002276502
mandelbrot_pth,full,256,16,no,8,0.002698133
mandelbrot_pth,full,256,16,no,9,0.002829553
mandelbrot_pth,full,256,16,no,10,0.002795823
mandelbrot_pth,full,256,32,no,1,0.003493153
mandelbrot_pth,full,256,32,no,2,0.003169593
mandelbrot_pth,full,256,32,no,3,0.003049953
mandelbrot_pth,full,256,32,no,4,0.003192084
mandelbrot_pth,full,256,32,no,5,0.003089263
mandelbrot_pth,full,256,32,no,6,0.003074523
mandelbrot_pth,full,256,32,no,7,0.003266183
mandelbrot_pth,full,256,32,no,8,0.003370453
mandelbrot_pth,full,256,32,no,9,0.003317294
mandelbrot_pth,full,256,32,no,10,0.003321924
mandelbrot_pth,seahorse,256,1,no,1,0.036392386
mandelbrot_pth,seahorse,256,1,no,2,0.036521595
mandelbrot_pth,seahorse,256,1,no,3,0.036567695
mandelbrot_pth,seahorse,256,1,no,4,0.036298176
mandelbrot_pth,seahorse,256,1,no,5,0.036116535
mandelbrot_pth,seahorse,256,1,no,6,0.036314905
mandelbrot_pth,seahorse,256,1,no,7,0.036246675
mandelbrot_pth,seahorse,256,1,no,8,0.036890295
mandelbrot_pth,seahorse,256,1,no,9,0.036000825
mandelbrot_pth,seahorse,256,1,no,10,0.037071165
mandelbrot_pth,seahorse,256,2,no,1,0.019120638
mandelbrot_pth,seahorse,256,2,no,2,0.018873148
mandelbrot_pth,seahorse,256,2,no,3,0.019239029
mandelbrot_pth,seahorse,256,2,no,4,0.018927459
mandelbrot_pth,seahorse,256,2,no,5,0.019094229
mandelbrot_pth,seahorse,256,2,no,6,0.019236359
mandelbrot_pth,seahorse,256,2,no,7,0.018790439
mandelbrot_pth,seahorse,256,2,no,8,0.019601629
mandelbrot_pth,seahorse,256,2,no,9,0.018802539
mandelbrot_pth,seahorse,256,2,no,10,0.019075519
mandelbrot_pth,seahorse,256,4,no,1,0.011322831
mandelbrot_pth,seahorse,256,4,no,2,0.010725831
mandelbrot_pth,seahorse,256,4,no,3,0.010666850
mandelbrot_pth,seahorse,256,4,no,4,0.010710860
mandelbrot_pth,seahorse,256,4,no,5,0.010688091
mandelbrot_pth,seahorse,256,4,no,6,0.010777541
mandelbrot_pth,seahorse,256,4,no,7,0.010715861
mandelbrot_pth,seahorse,256,4,no,8,0.010778030
mandelbrot_pth,seahorse,256,4,no,9,0.010704351
mandelbrot_pth,seahorse,256,4,no,10,0.010627331
mandelbrot_pth,seahorse,256,8,no,1,0.006773987
mandelbrot_pth,seahorse,256,8,no,2,0.006590276
mandelbrot_pth,seahorse,256,8,no,3,0.006759286
mandelbrot_pth,seahorse,256,8,no,4,0.006617846
mandelbrot_pth,seahorse,256,8,no,5,0.006393356
mandelbrot_pth,seahorse,256,8,no,6,0.006391997
mandelbrot_pth,seahorse,256,8,no,7,0.007005237
mandelbrot_pth,seahorse,256,8,no,8,0.006193826
mandelbrot_pth,seahorse,256,8,no,9,0.006431556
mandelbrot_pth,seahorse,256,8,no,10,0.006842917
mandelbrot_pth,seahorse,256,16,no,1,0.004533305
mandelbrot_pth,seahorse,256,16,no,2,0.004319434
mandelbrot_pth,seahorse,256,16,no,3,0.004291154
mandelbrot_pth,seahorse,256,16,no,4,0.004173854
mandelbrot_pth,seahorse,256,16,no,5,0.004192924
mandelbrot_pth,seahorse,256,16,no,6,0.004406515
mandelbrot_pth,seahorse,256,16,no,7,0.004198024
mandelbrot_pth,seahorse,256,16,no,8,0.004233694
mandelbrot_pth,seahorse,256,16,no,9,0.004280524
mandelbrot_pth,seahorse,256,16,no,10,0.004269874
mandelbrot_pth,seahorse,256,32,no,1,0.005248135
mandelbrot_pth,seahorse,256,32,no,2,0.004894685
mandelbrot_pth,seahorse,256,32,no,3,0.003768944
mandelbrot_pth,seahorse,256,32,no,4,0.003738574
mandelbrot_pth,seahorse,256,32,no,5,0.004209404
mandelbrot_pth,seahorse,256,32,no,6,0.003927304
mandelbrot_pth,seahorse,256,32,no,7,0.003667303
mandelbrot_pth,seahorse,256,32,no,8,0.003660553
mandelbrot_pth,seahorse,256,32,no,9,0.004003863
mandelbrot_pth,seahorse,256,32,no,10,0.003600494
mandelbrot_pth,elephant,256,1,no,1,0.033822913
mandelbrot_pth,elephant,256,1,no,2,0.034207254
mandelbrot_pth,elephant,256,1,no,3,0.034038904
mandelbrot_pth,elephant,256,1,no,4,0.034308964
mandelbrot_pth,elephant,256,1,no,5,0.034003884
mandelbrot_pth,elephant,256,1,no,6,0.034636575
mandelbrot_pth,elephant,256,1,no,7,0.034726675
mandelbrot_pth,elephant,256,1,no,8,0.034350335
mandelbrot_pth,elephant,256,1,no,9,0.034180625
mandelbrot_pth,elephant,256,1,no,10,0.034020034
mandelbrot_pth,elephant,256,2,no,1,0.018624189
mandelbrot_pth,elephant,256,2,no,2,0.017998049
mandelbrot_pth,elephant,256,2,no,3,0.017894998
mandelbrot_pth,elephant,256,2,no,4,0.018646819
mandelbrot_pth,elephant,256,2,no,5,0.018152988
mandelbrot_pth,elephant,256,2,no,6,0.018025428
mandelbrot_pth,elephant,256,2,no,7,0.018723869
mandelbrot_pth,elephant,256,2,no,8,0.017573987
mandelbrot_pth,elephant,256,2,no,9,0.018029958
mandelbrot_pth,elephant,256,2,no,10,0.018232018
mandelbrot_pth,elephant,256,4,no,1,0.010343020
mandelbrot_pth,elephant,256,4,no,2,0.010193120
mandelbrot_pth,elephant,256,4,no,3,0.010277950
mandelbrot_pth,elephant,256,4,no,4,0.010262200
mandelbrot_pth,elephant,256,4,no,5,0.010140860
mandelbrot_pth,elephant,256,4,no,6,0.010572431
mandelbrot_pth,elephant,256,4,no,7,0.010311620
mandelbrot_pth,elephant,256,4,no,8,0.010069000
mandelbrot_pth,elephant,256,4,no,9,0.010465951
mandelbrot_pth,elephant,256,4,no,10,0.010293251
mandelbrot_pth,elephant,256,8,no,1,0.006438167
mandelbrot_pth,elephant,256,8,no,2,0.006516147
mandelbrot_pth,elephant,256,8,no,3,0.006429716
mandelbrot_pth,elephant,256,8,no,4,0.006552797
mandelbrot_pth,elephant,256,8,no,5,0.006632277
mandelbrot_pth,elephant,256,8,no,6,0.006427867
mandelbrot_pth,elephant,256,8,no,7,0.006382497
mandelbrot_pth,elephant,256,8,no,8,0.006479896
mandelbrot_pth,elephant,256,8,no,9,0.007304978
mandelbrot_pth,elephant,256,8,no,10,0.006321686
mandelbrot_pth,elephant,256,16,no,1,0.004778235
mandelbrot_pth,elephant,256,16,no,2,0.004477024
mandelbrot_pth,elephant,256,16,no,3,0.004469175
mandelbrot_pth,elephant,256,16,no,4,0.004502175
mandelbrot_pth,elephant,256,16,no,5,0.004359694
mandelbrot_pth,elephant,256,16,no,6,0.004447385
mandelbrot_pth,elephant,256,16,no,7,0.004485544
mandelbrot_pth,elephant,256,16,no,8,0.004456755
mandelbrot_pth,elephant,256,16,no,9,0.004377704
mandelbrot_pth,elephant,256,16,no,10,0.004626215
mandelbrot_pth,elephant,256,32,no,1,0.004911925
mandelbrot_pth,elephant,256,32,no,2,0.005635716
mandelbrot_pth,elephant,256,32,no,3,0.005324445
mandelbrot_pth,elephant,256,32,no,4,0.004675025
mandelbrot_pth,elephant,256,32,no,5,0.005496115
mandelbrot_pth,elephant,256,32,no,6,0.004218214
mandelbrot_pth,elephant,256,32,no,7,0.004348314
mandelbrot_pth,elephant,256,32,no,8,0.004806265
mandelbrot_pth,elephant,256,32,no,9,0.005475126
mandelbrot_pth,elephant,256,32,no,10,0.004572935
mandelbrot_pth,triple_spiral,256,1,no,1,0.041003163
mandelbrot_pth,triple_spiral,256,1,no,2,0.041608443
mandelbrot_pth,triple_spiral,256,1,no,3,0.041075852
mandelbrot_pth,triple_spiral,256,1,no,4,0.041279192
mandelbrot_pth,triple_spiral,256,1,no,5,0.041222492
mandelbrot_pth,triple_spiral,256,1,no,6,0.041841843
mandelbrot_pth,triple_spiral,256,1,no,7,0.041925423
mandelbrot_pth,triple_spiral,256,1,no,8,0.042325044
mandelbrot_pth,triple_spiral,256,1,no,9,0.041151032
mandelbrot_pth,triple_spiral,256,1,no,10,0.040814892
mandelbrot_pth,triple_spiral,256,2,no,1,0.021869103
mandelbrot_pth,triple_spiral,256,2,no,2,0.021940222
mandelbrot_pth,triple_spiral,256,2,no,3,0.022182103
mandelbrot_pth,triple_spiral,256,2,no,4,0.022388873
mandelbrot_pth,triple_spiral,256,2,no,5,0.022193812
mandelbrot_pth,triple_spiral,256,2,no,6,0.021612972
mandelbrot_pth,triple_spiral,256,2,no,7,0.021738912
mandelbrot_pth,triple_spiral,256,2,no,8,0.021340732
mandelbrot_pth,triple_spiral,256,2,no,9,0.021844512
mandelbrot_pth,triple_spiral,256,2,no,10,0.022141332
mandelbrot_pth,triple_spiral,256,4,no,1,0.012358723
mandelbrot_pth,triple_spiral,256,4,no,2,0.012223152
mandelbrot_pth,triple_spiral,256,4,no,3,0.012036903
mandelbrot_pth,triple_spiral,256,4,no,4,0.012211322
mandelbrot_pth,triple_spiral,256,4,no,5,0.012154742
mandelbrot_pth,triple_spiral,256,4,no,6,0.012274633
mandelbrot_pth,triple_spiral,256,4,no,7,0.011852362
mandelbrot_pth,triple_spiral,256,4,no,8,0.012013902
mandelbrot_pth,triple_spiral,256,4,no,9,0.011857482
mandelbrot_pth,triple_spiral,256,4,no,10,0.012160512
mandelbrot_pth,triple_spiral,256,8,no,1,0.008642819
mandelbrot_pth,triple_spiral,256,8,no,2,0.007454548
mandelbrot_pth,triple_spiral,256,8,no,3,0.008115449
mandelbrot_pth,triple_spiral,256,8,no,4,0.007205448
mandelbrot_pth,triple_spiral,256,8,no,5,0.007639838
mandelbrot_pth,triple_spiral,256,8,no,6,0.007258008
mandelbrot_pth,triple_spiral,256,8,no,7,0.007279827
mandelbrot_pth,triple_spiral,256,8,no,8,0.007350317
mandelbrot_pth,triple_spiral,256,8,no,9,0.007225427
mandelbrot_pth,triple_spiral,256,8,no,10,0.008054388
mandelbrot_pth,triple_spiral,256,16,no,1,0.005127735
mandelbrot_pth,triple_spiral,256,16,no,2,0.004892895
mandelbrot_pth,triple_spiral,256,16,no,3,0.005120125
mandelbrot_pth,triple_spiral,256,16,no,4,0.004938675
mandelbrot_pth,triple_spiral,256,16,no,5,0.005768956
mandelbrot_pth,triple_spiral,256,16,no,6,0.004865665
mandelbrot_pth,triple_spiral,256,16,no,7,0.004901875
mandelbrot_pth,triple_spiral,256,16,no,8,0.005553746
mandelbrot_pth,triple_spiral,256,16,no,9,0.004747805
mandelbrot_pth,triple_spiral,256,16,no,10,0.004814655
mandelbrot_pth,triple_spiral,256,32,no,1,0.005909766
mandelbrot_pth,triple_spiral,256,32,no,2,0.005682436
mandelbrot_pth,triple_spiral,256,32,no,3,0.005500596
mandelbrot_pth,triple_spiral,256,32,no,4,0.004441655
mandelbrot_pth,triple_spiral,256,32,no,5,0.005028545
mandelbrot_pth,triple_spiral,256,32,no,6,0.005624336
mandelbrot_pth,triple_spiral,256,32,no,7,0.004232234
mandelbrot_pth,triple_spiral,256,32,no,8,0.004231064
mandelbrot_pth,triple_spiral,256,32,no,9,0.004270804
mandelbrot_pth,triple_spiral,256,32,no,10,0.004644695
mandelbrot_pth,full,512,1,no,1,0.020980322
mandelbrot_pth,full,512,1,no,2,0.020638892
mandelbrot_pth,full,512,1,no,3,0.021096042
mandelbrot_pth,full,512,1,no,4,0.020117181
mandelbrot_pth,full,512,1,no,5,0.020097231
mandelbrot_pth,full,512,1,no,6,0.019806510
mandelbrot_pth,full,512,1,no,7,0.020223371
mandelbrot_pth,full,512,1,no,8,0.020228981
mandelbrot_pth,full,512,1,no,9,0.021733503
mandelbrot_pth,full,512,1,no,10,0.020628081
mandelbrot_pth,full,512,2,no,1,0.010923091
mandelbrot_pth,full,512,2,no,2,0.010729581
mandelbrot_pth,full,512,2,no,3,0.011115251
mandelbrot_pth,full,512,2,no,4,0.010672401
mandelbrot_pth,full,512,2,no,5,0.011562822
mandelbrot_pth,full,512,2,no,6,0.011627272
mandelbrot_pth,full,512,2,no,7,0.011133062
mandelbrot_pth,full,512,2,no,8,0.011040622
mandelbrot_pth,full,512,2,no,9,0.010647791
mandelbrot_pth,full,512,2,no,10,0.011446692
mandelbrot_pth,full,512,4,no,1,0.006033016
mandelbrot_pth,full,512,4,no,2,0.006472127
mandelbrot_pth,full,512,4,no,3,0.005971076
mandelbrot_pth,full,512,4,no,4,0.006920367
mandelbrot_pth,full,512,4,no,5,0.006609657
mandelbrot_pth,full,512,4,no,6,0.006113536
mandelbrot_pth,full,512,4,no,7,0.006371787
mandelbrot_pth,full,512,4,no,8,0.006435297
mandelbrot_pth,full,512,4,no,9,0.005903827
mandelbrot_pth,full,512,4,no,10,0.006080566
mandelbrot_pth,full,512,8,no,1,0.004019684
mandelbrot_pth,full,512,8,no,2,0.003763174
mandelbrot_pth,full,512,8,no,3,0.004868025
mandelbrot_pth,full,512,8,no,4,0.003839174
mandelbrot_pth,full,512,8,no,5,0.004064604
mandelbrot_pth,full,512,8,no,6,0.004143345
mandelbrot_pth,full,512,8,no,7,0.003804284
mandelbrot_pth,full,512,8,no,8,0.004615645
mandelbrot_pth,full,512,8,no,9,0.004019285
mandelbrot_pth,full,512,8,no,10,0.003846424
mandelbrot_pth,full,512,16,no,1,0.003389303
mandelbrot_pth,full,512,16,no,2,0.003297714
mandelbrot_pth,full,512,16,no,3,0.003155723
mandelbrot_pth,full,512,16,no,4,0.003314493
mandelbrot_pth,full,512,16,no,5,0.003422994
mandelbrot_pth,full,512,16,no,6,0.003241993
mandelbrot_pth,full,512,16,no,7,0.003127544
mandelbrot_pth,full,512,16,no,8,0.003369634
mandelbrot_pth,full,512,16,no,9,0.003090654
mandelbrot_pth,full,512,16,no,10,0.003483344
mandelbrot_pth,full,512,32,no,1,0.003495933
mandelbrot_pth,full,512,32,no,2,0.003270044
mandelbrot_pth,full,512,32,no,3,0.003580903
mandelbrot_pth,full,512,32,no,4,0.003552383
mandelbrot_pth,full,512,32,no,5,0.003767734
mandelbrot_pth,full,512,32,no,6,0.003422664
mandelbrot_pth,full,512,32,no,7,0.003387444
mandelbrot_pth,full,512,32,no,8,0.003808624
mandelbrot_pth,full,512,32,no,9,0.003387144
mandelbrot_pth,full,512,32,no,10,0.003336223
mandelbrot_pth,seahorse,512,1,no,1,0.139766469
mandelbrot_pth,seahorse,512,1,no,2,0.140504459
mandelbrot_pth,seahorse,512,1,no,3,0.140022080
mandelbrot_pth,seahorse,512,1,no,4,0.139869419
mandelbrot_pth,seahorse,512,1,no,5,0.139843720
mandelbrot_pth,seahorse,512,1,no,6,0.141114273
mandelbrot_pth,seahorse,512,1,no,7,0.139968831
mandelbrot_pth,seahorse,512,1,no,8,0.139828801
mandelbrot_pth,seahorse,512,1,no,9,0.140975212
mandelbrot_pth,seahorse,512,1,no,10,0.140688892
mandelbrot_pth,seahorse,512,2,no,1,0.072252239
mandelbrot_pth,seahorse,512,2,no,2,0.071753427
mandelbrot_pth,seahorse,512,2,no,3,0.071907349
mandelbrot_pth,seahorse,512,2,no,4,0.071504959
mandelbrot_pth,seahorse,512,2,no,5,0.072388670
mandelbrot_pth,seahorse,512,2,no,6,0.072059910
mandelbrot_pth,seahorse,512,2,no,7,0.072413460
mandelbrot_pth,seahorse,512,2,no,8,0.071877300
mandelbrot_pth,seahorse,512,2,no,9,0.072244740
mandelbrot_pth,seahorse,512,2,no,10,0.071950149
mandelbrot_pth,seahorse,512,4,no,1,0.036950851
mandelbrot_pth,seahorse,512,4,no,2,0.038159982
mandelbrot_pth,seahorse,512,4,no,3,0.037018080
mandelbrot_pth,seahorse,512,4,no,4,0.036953701
mandelbrot_pth,seahorse,512,4,no,5,0.037211841
mandelbrot_pth,seahorse,512,4,no,6,0.037015711
mandelbrot_pth,seahorse,512,4,no,7,0.036885611
mandelbrot_pth,seahorse,512,4,no,8,0.037350671
mandelbrot_pth,seahorse,512,4,no,9,0.038006163
mandelbrot_pth,seahorse,512,4,no,10,0.036657931
mandelbrot_pth,seahorse,512,8,no,1,0.020884834
mandelbrot_pth,seahorse,512,8,no,2,0.020385183
mandelbrot_pth,seahorse,512,8,no,3,0.020483673
mandelbrot_pth,seahorse,512,8,no,4,0.020342233
mandelbrot_pth,seahorse,512,8,no,5,0.020005082
mandelbrot_pth,seahorse,512,8,no,6,0.020470263
mandelbrot_pth,seahorse,512,8,no,7,0.020187183
mandelbrot_pth,seahorse,512,8,no,8,0.021064574
mandelbrot_pth,seahorse,512,8,no,9,0.020495373
mandelbrot_pth,seahorse,512,8,no,10,0.020238553
mandelbrot_pth,seahorse,512,16,no,1,0.012581594
mandelbrot_pth,seahorse,512,16,no,2,0.011920553
mandelbrot_pth,seahorse,512,16,no,3,0.012200054
mandelbrot_pth,seahorse,512,16,no,4,0.012128944
mandelbrot_pth,seahorse,512,16,no,5,0.012214494
mandelbrot_pth,seahorse,512,16,no,6,0.012131923
mandelbrot_pth,seahorse,512,16,no,7,0.012665484
mandelbrot_pth,seahorse,512,16,no,8,0.011890944
mandelbrot_pth,seahorse,512,16,no,9,0.012283303
mandelbrot_pth,seahorse,512,16,no,10,0.012088774
mandelbrot_pth,seahorse,512,32,no,1,0.007536619
mandelbrot_pth,seahorse,512,32,no,2,0.007696808
mandelbrot_pth,seahorse,512,32,no,3,0.007637319
mandelbrot_pth,seahorse,512,32,no,4,0.007515028
mandelbrot_pth,seahorse,512,32,no,5,0.007452508
mandelbrot_pth,seahorse,512,32,no,6,0.007436389
mandelbrot_pth,seahorse,512,32,no,7,0.007736459
mandelbrot_pth,seahorse,512,32,no,8,0.007547108
mandelbrot_pth,seahorse,512,32,no,9,0.007720628
mandelbrot_pth,seahorse,512,32,no,10,0.007603209
mandelbrot_pth,elephant,512,1,no,1,0.131703238
mandelbrot_pth,elephant,512,1,no,2,0.131980188
mandelbrot_pth,elephant,512,1,no,3,0.132016470
mandelbrot_pth,elephant,512,1,no,4,0.131950811
mandelbrot_pth,elephant,512,1,no,5,0.132244081
mandelbrot_pth,elephant,512,1,no,6,0.132066981
mandelbrot_pth,elephant,512,1,no,7,0.132332761
mandelbrot_pth,elephant,512,1,no,8,0.132009940
mandelbrot_pth,elephant,512,1,no,9,0.132033531
mandelbrot_pth,elephant,512,1,no,10,0.131923284
mandelbrot_pth,elephant,512,2,no,1,0.068120780
mandelbrot_pth,elephant,512,2,no,2,0.067497479
mandelbrot_pth,elephant,512,2,no,3,0.068365769
mandelbrot_pth,elephant,512,2,no,4,0.067961729
mandelbrot_pth,elephant,512,2,no,5,0.067862719
mandelbrot_pth,elephant,512,2,no,6,0.067777699
mandelbrot_pth,elephant,512,2,no,7,0.067508409
mandelbrot_pth,elephant,512,2,no,8,0.067639758
mandelbrot_pth,elephant,512,2,no,9,0.067932739
mandelbrot_pth,elephant,512,2,no,10,0.067548818
mandelbrot_pth,elephant,512,4,no,1,0.035913211
mandelbrot_pth,elephant,512,4,no,2,0.035273561
mandelbrot_pth,elephant,512,4,no,3,0.035596162
mandelbrot_pth,elephant,512,4,no,4,0.035447412
mandelbrot_pth,elephant,512,4,no,5,0.035400681
mandelbrot_pth,elephant,512,4,no,6,0.035259912
mandelbrot_pth,elephant,512,4,no,7,0.034887912
mandelbrot_pth,elephant,512,4,no,8,0.035250272
mandelbrot_pth,elephant,512,4,no,9,0.034980221
mandelbrot_pth,elephant,512,4,no,10,0.035241281
mandelbrot_pth,elephant,512,8,no,1,0.019641123
mandelbrot_pth,elephant,512,8,no,2,0.019986744
mandelbrot_pth,elephant,512,8,no,3,0.019473233
mandelbrot_pth,elephant,512,8,no,4,0.019620963
mandelbrot_pth,elephant,512,8,no,5,0.019502313
mandelbrot_pth,elephant,512,8,no,6,0.019539723
mandelbrot_pth,elephant,512,8,no,7,0.019379253
mandelbrot_pth,elephant,512,8,no,8,0.020062604
mandelbrot_pth,elephant,512,8,no,9,0.019718444
mandelbrot_pth,elephant,512,8,no,10,0.019287282
mandelbrot_pth,elephant,512,16,no,1,0.012116304
mandelbrot_pth,elephant,512,16,no,2,0.012009314
mandelbrot_pth,elephant,512,16,no,3,0.011881904
mandelbrot_pth,elephant,512,16,no,4,0.012103644
mandelbrot_pth,elephant,512,16,no,5,0.012111384
mandelbrot_pth,elephant,512,16,no,6,0.012020675
mandelbrot_pth,elephant,512,16,no,7,0.012112665
mandelbrot_pth,elephant,512,16,no,8,0.011843214
mandelbrot_pth,elephant,512,16,no,9,0.012011854
mandelbrot_pth,elephant,512,16,no,10,0.012035764
mandelbrot_pth,elephant,512,32,no,1,0.007938179
mandelbrot_pth,elephant,512,32,no,2,0.007953790
mandelbrot_pth,elephant,512,32,no,3,0.008058110
mandelbrot_pth,elephant,512,32,no,4,0.008062430
mandelbrot_pth,elephant,512,32,no,5,0.007921170
mandelbrot_pth,elephant,512,32,no,6,0.007900579
mandelbrot_pth,elephant,512,32,no,7,0.007947909
mandelbrot_pth,elephant,512,32,no,8,0.008250080
mandelbrot_pth,elephant,512,32,no,9,0.008058349
mandelbrot_pth,elephant,512,32,no,10,0.007960429
mandelbrot_pth,triple_spiral,512,1,no,1,0.158991071
mandelbrot_pth,triple_spiral,512,1,no,2,0.159195791
mandelbrot_pth,triple_spiral,512,1,no,3,0.159138401
mandelbrot_pth,triple_spiral,512,1,no,4,0.159913092
mandelbrot_pth,triple_spiral,512,1,no,5,0.160030962
mandelbrot_pth,triple_spiral,512,1,no,6,0.159203761
mandelbrot_pth,triple_spiral,512,1,no,7,0.159209354
mandelbrot_pth,triple_spiral,512,1,no,8,0.159784845
mandelbrot_pth,triple_spiral,512,1,no,9,0.159747365
mandelbrot_pth,triple_spiral,512,1,no,10,0.159310144
mandelbrot_pth,triple_spiral,512,2,no,1,0.081509150
mandelbrot_pth,triple_spiral,512,2,no,2,0.081418239
mandelbrot_pth,triple_spiral,512,2,no,3,0.081803290
mandelbrot_pth,triple_spiral,512,2,no,4,0.081786470
mandelbrot_pth,triple_spiral,512,2,no,5,0.081788251
mandelbrot_pth,triple_spiral,512,2,no,6,0.081537501
mandelbrot_pth,triple_spiral,512,2,no,7,0.081207530
mandelbrot_pth,triple_spiral,512,2,no,8,0.081660442
mandelbrot_pth,triple_spiral,512,2,no,9,0.081599971
mandelbrot_pth,triple_spiral,512,2,no,10,0.081049730
mandelbrot_pth,triple_spiral,512,4,no,1,0.042134373
mandelbrot_pth,triple_spiral,512,4,no,2,0.041598062
mandelbrot_pth,triple_spiral,512,4,no,3,0.041774162
mandelbrot_pth,triple_spiral,512,4,no,4,0.041424642
mandelbrot_pth,triple_spiral,512,4,no,5,0.042586593
mandelbrot_pth,triple_spiral,512,4,no,6,0.042139622
mandelbrot_pth,triple_spiral,512,4,no,7,0.042062242
mandelbrot_pth,triple_spiral,512,4,no,8,0.041735432
mandelbrot_pth,triple_spiral,512,4,no,9,0.042390103
mandelbrot_pth,triple_spiral,512,4,no,10,0.042528044
mandelbrot_pth,triple_spiral,512,8,no,1,0.023347079
mandelbrot_pth,triple_spiral,512,8,no,2,0.023729140
mandelbrot_pth,triple_spiral,512,8,no,3,0.022723299
mandelbrot_pth,triple_spiral,512,8,no,4,0.023046639
mandelbrot_pth,triple_spiral,512,8,no,5,0.023414919
mandelbrot_pth,triple_spiral,512,8,no,6,0.023179979
mandelbrot_pth,triple_spiral,512,8,no,7,0.023026469
mandelbrot_pth,triple_spiral,512,8,no,8,0.023239929
mandelbrot_pth,triple_spiral,512,8,no,9,0.023100899
mandelbrot_pth,triple_spiral,512,8,no,10,0.022939479
mandelbrot_pth,triple_spiral,512,16,no,1,0.014076248
mandelbrot_pth,triple_spiral,512,16,no,2,0.013709338
mandelbrot_pth,triple_spiral,512,16,no,3,0.013679187
mandelbrot_pth,triple_spiral,512,16,no,4,0.013547767
mandelbrot_pth,triple_spiral,512,16,no,5,0.013640077
mandelbrot_pth,triple_spiral,512,16,no,6,0.013675407
mandelbrot_pth,triple_spiral,512,16,no,7,0.013527147
mandelbrot_pth,triple_spiral,512,16,no,8,0.013453686
mandelbrot_pth,triple_spiral,512,16,no,9,0.013465667
mandelbrot_pth,triple_spiral,512,16,no,10,0.013460147
mandelbrot_pth,triple_spiral,512,32,no,1,0.008854531
mandelbrot_pth,triple_spiral,512,32,no,2,0.008934681
mandelbrot_pth,triple_spiral,512,32,no,3,0.008960731
mandelbrot_pth,triple_spiral,512,32,no,4,0.008673640
mandelbrot_pth,triple_spiral,512,32,no,5,0.008837821
mandelbrot_pth,triple_spiral,512,32,no,6,0.008860051
mandelbrot_pth,triple_spiral,512,32,no,7,0.008814131
mandelbrot_pth,triple_spiral,512,32,no,8,0.008942111
mandelbrot_pth,triple_spiral,512,32,no,9,0.008968042
mandelbrot_pth,triple_spiral,512,32,no,10,0.008943712
mandelbrot_pth,full,1024,1,no,1,0.075101945
mandelbrot_pth,full,1024,1,no,2,0.075731366
mandelbrot_pth,full,1024,1,no,3,0.075179574
mandelbrot_pth,full,1024,1,no,4,0.075258576
mandelbrot_pth,full,1024,1,no,5,0.075885187
mandelbrot_pth,full,1024,1,no,6,0.075179506
mandelbrot_pth,full,1024,1,no,7,0.075312366
mandelbrot_pth,full,1024,1,no,8,0.075599636
mandelbrot_pth,full,1024,1,no,9,0.075211796
mandelbrot_pth,full,1024,1,no,10,0.075148686
mandelbrot_pth,full,1024,2,no,1,0.039093399
mandelbrot_pth,full,1024,2,no,2,0.038198529
mandelbrot_pth,full,1024,2,no,3,0.038493239
mandelbrot_pth,full,1024,2,no,4,0.038684179
mandelbrot_pth,full,1024,2,no,5,0.038141479
mandelbrot_pth,full,1024,2,no,6,0.038575779
mandelbrot_pth,full,1024,2,no,7,0.038416459
mandelbrot_pth,full,1024,2,no,8,0.038621070
mandelbrot_pth,full,1024,2,no,9,0.039070640
mandelbrot_pth,full,1024,2,no,10,0.038571400
mandelbrot_pth,full,1024,4,no,1,0.020225296
mandelbrot_pth,full,1024,4,no,2,0.020691767
mandelbrot_pth,full,1024,4,no,3,0.020118186
mandelbrot_pth,full,1024,4,no,4,0.019767766
mandelbrot_pth,full,1024,4,no,5,0.020232946
mandelbrot_pth,full,1024,4,no,6,0.019756076
mandelbrot_pth,full,1024,4,no,7,0.020404637
mandelbrot_pth,full,1024,4,no,8,0.019785256
mandelbrot_pth,full,1024,4,no,9,0.020325426
mandelbrot_pth,full,1024,4,no,10,0.019771506
mandelbrot_pth,full,1024,8,no,1,0.011861975
mandelbrot_pth,full,1024,8,no,2,0.010918664
mandelbrot_pth,full,1024,8,no,3,0.010912595
mandelbrot_pth,full,1024,8,no,4,0.010893524
mandelbrot_pth,full,1024,8,no,5,0.010941774
mandelbrot_pth,full,1024,8,no,6,0.010798524
mandelbrot_pth,full,1024,8,no,7,0.010629094
mandelbrot_pth,full,1024,8,no,8,0.011702356
mandelbrot_pth,full,1024,8,no,9,0.010937774
mandelbrot_pth,full,1024,8,no,10,0.010806664
mandelbrot_pth,full,1024,16,no,1,0.006874969
mandelbrot_pth,full,1024,16,no,2,0.006478879
mandelbrot_pth,full,1024,16,no,3,0.006713219
mandelbrot_pth,full,1024,16,no,4,0.006625029
mandelbrot_pth,full,1024,16,no,5,0.006923199
mandelbrot_pth,full,1024,16,no,6,0.006536069
mandelbrot_pth,full,1024,16,no,7,0.006606968
mandelbrot_pth,full,1024,16,no,8,0.007206520
mandelbrot_pth,full,1024,16,no,9,0.006636639
mandelbrot_pth,full,1024,16,no,10,0.006815488
mandelbrot_pth,full,1024,32,no,1,0.006337038
mandelbrot_pth,full,1024,32,no,2,0.005507307
mandelbrot_pth,full,1024,32,no,3,0.005484887
mandelbrot_pth,full,1024,32,no,4,0.005286267
mandelbrot_pth,full,1024,32,no,5,0.005571577
mandelbrot_pth,full,1024,32,no,6,0.005238347
mandelbrot_pth,full,1024,32,no,7,0.006020598
mandelbrot_pth,full,1024,32,no,8,0.005758187
mandelbrot_pth,full,1024,32,no,9,0.005447287
mandelbrot_pth,full,1024,32,no,10,0.005750727
mandelbrot_pth,seahorse,1024,1,no,1,0.553399844
mandelbrot_pth,seahorse,1024,1,no,2,0.553905799
mandelbrot_pth,seahorse,1024,1,no,3,0.554359928
mandelbrot_pth,seahorse,1024,1,no,4,0.553909210
mandelbrot_pth,seahorse,1024,1,no,5,0.553663609
mandelbrot_pth,seahorse,1024,1,no,6,0.554293884
mandelbrot_pth,seahorse,1024,1,no,7,0.554588752
mandelbrot_pth,seahorse,1024,1,no,8,0.553478065
mandelbrot_pth,seahorse,1024,1,no,9,0.553436740
mandelbrot_pth,seahorse,1024,1,no,10,0.553979359
mandelbrot_pth,seahorse,1024,2,no,1,0.278953394
mandelbrot_pth,seahorse,1024,2,no,2,0.278088662
mandelbrot_pth,seahorse,1024,2,no,3,0.278712999
mandelbrot_pth,seahorse,1024,2,no,4,0.278142477
mandelbrot_pth,seahorse,1024,2,no,5,0.278587909
mandelbrot_pth,seahorse,1024,2,no,6,0.278447920
mandelbrot_pth,seahorse,1024,2,no,7,0.278641733
mandelbrot_pth,seahorse,1024,2,no,8,0.278746764
mandelbrot_pth,seahorse,1024,2,no,9,0.279136554
mandelbrot_pth,seahorse,1024,2,no,10,0.278480469
mandelbrot_pth,seahorse,1024,4,no,1,0.141645698
mandelbrot_pth,seahorse,1024,4,no,2,0.141519718
mandelbrot_pth,seahorse,1024,4,no,3,0.141548818
mandelbrot_pth,seahorse,1024,4,no,4,0.141766898
mandelbrot_pth,seahorse,1024,4,no,5,0.141969639
mandelbrot_pth,seahorse,1024,4,no,6,0.141139940
mandelbrot_pth,seahorse,1024,4,no,7,0.142002791
mandelbrot_pth,seahorse,1024,4,no,8,0.141377590
mandelbrot_pth,seahorse,1024,4,no,9,0.141272260
mandelbrot_pth,seahorse,1024,4,no,10,0.141362011
mandelbrot_pth,seahorse,1024,8,no,1,0.072402458
mandelbrot_pth,seahorse,1024,8,no,2,0.072267378
mandelbrot_pth,seahorse,1024,8,no,3,0.072226918
mandelbrot_pth,seahorse,1024,8,no,4,0.072236269
mandelbrot_pth,seahorse,1024,8,no,5,0.072128439
mandelbrot_pth,seahorse,1024,8,no,6,0.072270918
mandelbrot_pth,seahorse,1024,8,no,7,0.072379939
mandelbrot_pth,seahorse,1024,8,no,8,0.072157569
mandelbrot_pth,seahorse,1024,8,no,9,0.072089229
mandelbrot_pth,seahorse,1024,8,no,10,0.072152138
mandelbrot_pth,seahorse,1024,16,no,1,0.039492209
mandelbrot_pth,seahorse,1024,16,no,2,0.039141149
mandelbrot_pth,seahorse,1024,16,no,3,0.039566600
mandelbrot_pth,seahorse,1024,16,no,4,0.039223139
mandelbrot_pth,seahorse,1024,16,no,5,0.039196759
mandelbrot_pth,seahorse,1024,16,no,6,0.039524559
mandelbrot_pth,seahorse,1024,16,no,7,0.039253389
mandelbrot_pth,seahorse,1024,16,no,8,0.039295319
mandelbrot_pth,seahorse,1024,16,no,9,0.039107539
mandelbrot_pth,seahorse,1024,16,no,10,0.039207530
mandelbrot_pth,seahorse,1024,32,no,1,0.023335715
mandelbrot_pth,seahorse,1024,32,no,2,0.023363156
mandelbrot_pth,seahorse,1024,32,no,3,0.022968045
mandelbrot_pth,seahorse,1024,32,no,4,0.023104475
mandelbrot_pth,seahorse,1024,32,no,5,0.023000925
mandelbrot_pth,seahorse,1024,32,no,6,0.022687374
mandelbrot_pth,seahorse,1024,32,no,7,0.023314676
mandelbrot_pth,seahorse,1024,32,no,8,0.022894774
mandelbrot_pth,seahorse,1024,32,no,9,0.023009155
mandelbrot_pth,seahorse,1024,32,no,10,0.022977536
mandelbrot_pth,elephant,1024,1,no,1,0.522025865
mandelbrot_pth,elephant,1024,1,no,2,0.522127704
mandelbrot_pth,elephant,1024,1,no,3,0.522591726
mandelbrot_pth,elephant,1024,1,no,4,0.523222776
mandelbrot_pth,elephant,1024,1,no,5,0.523310598
mandelbrot_pth,elephant,1024,1,no,6,0.522236405
mandelbrot_pth,elephant,1024,1,no,7,0.523283068
mandelbrot_pth,elephant,1024,1,no,8,0.523604896
mandelbrot_pth,elephant,1024,1,no,9,0.522866658
mandelbrot_pth,elephant,1024,1,no,10,0.522130134
mandelbrot_pth,elephant,1024,2,no,1,0.263150746
mandelbrot_pth,elephant,1024,2,no,2,0.262984469
mandelbrot_pth,elephant,1024,2,no,3,0.262646669
mandelbrot_pth,elephant,1024,2,no,4,0.262641880
mandelbrot_pth,elephant,1024,2,no,5,0.263018701
mandelbrot_pth,elephant,1024,2,no,6,0.262632875
mandelbrot_pth,elephant,1024,2,no,7,0.262690415
mandelbrot_pth,elephant,1024,2,no,8,0.262808314
mandelbrot_pth,elephant,1024,2,no,9,0.262893697
mandelbrot_pth,elephant,1024,2,no,10,0.262745699
mandelbrot_pth,elephant,1024,4,no,1,0.134602245
mandelbrot_pth,elephant,1024,4,no,2,0.134117444
mandelbrot_pth,elephant,1024,4,no,3,0.134214485
mandelbrot_pth,elephant,1024,4,no,4,0.134054115
mandelbrot_pth,elephant,1024,4,no,5,0.134677877
mandelbrot_pth,elephant,1024,4,no,6,0.134115727
mandelbrot_pth,elephant,1024,4,no,7,0.134458648
mandelbrot_pth,elephant,1024,4,no,8,0.134854828
mandelbrot_pth,elephant,1024,4,no,9,0.134059866
mandelbrot_pth,elephant,1024,4,no,10,0.134243147
mandelbrot_pth,elephant,1024,8,no,1,0.069630728
mandelbrot_pth,elephant,1024,8,no,2,0.069260948
mandelbrot_pth,elephant,1024,8,no,3,0.069747089
mandelbrot_pth,elephant,1024,8,no,4,0.069611719
mandelbrot_pth,elephant,1024,8,no,5,0.069332178
mandelbrot_pth,elephant,1024,8,no,6,0.069576969
mandelbrot_pth,elephant,1024,8,no,7,0.069287419
mandelbrot_pth,elephant,1024,8,no,8,0.069489109
mandelbrot_pth,elephant,1024,8,no,9,0.069318288
mandelbrot_pth,elephant,1024,8,no,10,0.069218238
mandelbrot_pth,elephant,1024,16,no,1,0.038289436
mandelbrot_pth,elephant,1024,16,no,2,0.038298956
mandelbrot_pth,elephant,1024,16,no,3,0.037797125
mandelbrot_pth,elephant,1024,16,no,4,0.038105336
mandelbrot_pth,elephant,1024,16,no,5,0.038067455
mandelbrot_pth,elephant,1024,16,no,6,0.038264176
mandelbrot_pth,elephant,1024,16,no,7,0.038127705
mandelbrot_pth,elephant,1024,16,no,8,0.038034065
mandelbrot_pth,elephant,1024,16,no,9,0.038201046
mandelbrot_pth,elephant,1024,16,no,10,0.038663616
mandelbrot_pth,elephant,1024,32,no,1,0.023008710
mandelbrot_pth,elephant,1024,32,no,2,0.023036960
mandelbrot_pth,elephant,1024,32,no,3,0.022859920
mandelbrot_pth,elephant,1024,32,no,4,0.022810930
mandelbrot_pth,elephant,1024,32,no,5,0.022937390
mandelbrot_pth,elephant,1024,32,no,6,0.023036550
mandelbrot_pth,elephant,1024,32,no,7,0.022885549
mandelbrot_pth,elephant,1024,32,no,8,0.022935480
mandelbrot_pth,elephant,1024,32,no,9,0.023087960
mandelbrot_pth,elephant,1024,32,no,10,0.022906619
mandelbrot_pth,triple_spiral,1024,1,no,1,0.631527372
mandelbrot_pth,triple_spiral,1024,1,no,2,0.631729152
mandelbrot_pth,triple_spiral,1024,1,no,3,0.631656279
mandelbrot_pth,triple_spiral,1024,1,no,4,0.632517336
mandelbrot_pth,triple_spiral,1024,1,no,5,0.632350396
mandelbrot_pth,triple_spiral,1024,1,no,6,0.632201781
mandelbrot_pth,triple_spiral,1024,1,no,7,0.632258628
mandelbrot_pth,triple_spiral,1024,1,no,8,0.632116497
mandelbrot_pth,triple_spiral,1024,1,no,9,0.632140803
mandelbrot_pth,triple_spiral,1024,1,no,10,0.631509720
mandelbrot_pth,triple_spiral,1024,2,no,1,0.318275327
mandelbrot_pth,triple_spiral,1024,2,no,2,0.317139308
mandelbrot_pth,triple_spiral,1024,2,no,3,0.318512441
mandelbrot_pth,triple_spiral,1024,2,no,4,0.317700352
mandelbrot_pth,triple_spiral,1024,2,no,5,0.317899566
mandelbrot_pth,triple_spiral,1024,2,no,6,0.317263494
mandelbrot_pth,triple_spiral,1024,2,no,7,0.317349536
mandelbrot_pth,triple_spiral,1024,2,no,8,0.318348782
mandelbrot_pth,triple_spiral,1024,2,no,9,0.317413460
mandelbrot_pth,triple_spiral,1024,2,no,10,0.317352402
mandelbrot_pth,triple_spiral,1024,4,no,1,0.161699408
mandelbrot_pth,triple_spiral,1024,4,no,2,0.161102248
mandelbrot_pth,triple_spiral,1024,4,no,3,0.161211038
mandelbrot_pth,triple_spiral,1024,4,no,4,0.161725979
mandelbrot_pth,triple_spiral,1024,4,no,5,0.161754738
mandelbrot_pth,triple_spiral,1024,4,no,6,0.161212040
mandelbrot_pth,triple_spiral,1024,4,no,7,0.161591012
mandelbrot_pth,triple_spiral,1024,4,no,8,0.161156051
mandelbrot_pth,triple_spiral,1024,4,no,9,0.161342271
mandelbrot_pth,triple_spiral,1024,4,no,10,0.161310981
mandelbrot_pth,triple_spiral,1024,8,no,1,0.083145210
mandelbrot_pth,triple_spiral,1024,8,no,2,0.082773260
mandelbrot_pth,triple_spiral,1024,8,no,3,0.082485200
mandelbrot_pth,triple_spiral,1024,8,no,4,0.082472630
mandelbrot_pth,triple_spiral,1024,8,no,5,0.082428260
mandelbrot_pth,triple_spiral,1024,8,no,6,0.082909231
mandelbrot_pth,triple_spiral,1024,8,no,7,0.082512781
mandelbrot_pth,triple_spiral,1024,8,no,8,0.082506981
mandelbrot_pth,triple_spiral,1024,8,no,9,0.082515541
mandelbrot_pth,triple_spiral,1024,8,no,10,0.082476051
mandelbrot_pth,triple_spiral,1024,16,no,1,0.044598807
mandelbrot_pth,triple_spiral,1024,16,no,2,0.044695257
mandelbrot_pth,triple_spiral,1024,16,no,3,0.044725487
mandelbrot_pth,triple_spiral,1024,16,no,4,0.044417406
mandelbrot_pth,triple_spiral,1024,16,no,5,0.044681797
mandelbrot_pth,triple_spiral,1024,16,no,6,0.044626057
mandelbrot_pth,triple_spiral,1024,16,no,7,0.044717217
mandelbrot_pth,triple_spiral,1024,16,no,8,0.045415469
mandelbrot_pth,triple_spiral,1024,16,no,9,0.044585717
mandelbrot_pth,triple_spiral,1024,16,no,10,0.044817238
mandelbrot_pth,triple_spiral,1024,32,no,1,0.026363642
mandelbrot_pth,triple_spiral,1024,32,no,2,0.026271962
mandelbrot_pth,triple_spiral,1024,32,no,3,0.026176201
mandelbrot_pth,triple_spiral,1024,32,no,4,0.025736651
mandelbrot_pth,triple_spiral,1024,32,no,5,0.026023321
mandelbrot_pth,triple_spiral,1024,32,no,6,0.026183801
mandelbrot_pth,triple_spiral,1024,32,no,7,0.026032001
mandelbrot_pth,triple_spiral,1024,32,no,8,0.025717471
mandelbrot_pth,triple_spiral,1024,32,no,9,0.025853781
mandelbrot_pth,triple_spiral,1024,32,no,10,0.025833621
mandelbrot_pth,full,2048,1,no,1,0.294121788
mandelbrot_pth,full,2048,1,no,2,0.294398431
mandelbrot_pth,full,2048,1,no,3,0.294349643
mandelbrot_pth,full,2048,1,no,4,0.294408543
mandelbrot_pth,full,2048,1,no,5,0.295544937
mandelbrot_pth,full,2048,1,no,6,0.294444559
mandelbrot_pth,full,2048,1,no,7,0.294753639
mandelbrot_pth,full,2048,1,no,8,0.294917859
mandelbrot_pth,full,2048,1,no,9,0.295227185
mandelbrot_pth,full,2048,1,no,10,0.295608166
mandelbrot_pth,full,2048,2,no,1,0.148389079
mandelbrot_pth,full,2048,2,no,2,0.149692062
mandelbrot_pth,full,2048,2,no,3,0.148840931
mandelbrot_pth,full,2048,2,no,4,0.148037321
mandelbrot_pth,full,2048,2,no,5,0.148329472
mandelbrot_pth,full,2048,2,no,6,0.148405212
mandelbrot_pth,full,2048,2,no,7,0.148426041
mandelbrot_pth,full,2048,2,no,8,0.148044541
mandelbrot_pth,full,2048,2,no,9,0.148449892
mandelbrot_pth,full,2048,2,no,10,0.148414154
mandelbrot_pth,full,2048,4,no,1,0.075595775
mandelbrot_pth,full,2048,4,no,2,0.075170374
mandelbrot_pth,full,2048,4,no,3,0.075242114
mandelbrot_pth,full,2048,4,no,4,0.075115174
mandelbrot_pth,full,2048,4,no,5,0.075022103
mandelbrot_pth,full,2048,4,no,6,0.076172376
mandelbrot_pth,full,2048,4,no,7,0.075250964
mandelbrot_pth,full,2048,4,no,8,0.075356904
mandelbrot_pth,full,2048,4,no,9,0.075477755
mandelbrot_pth,full,2048,4,no,10,0.075531996
mandelbrot_pth,full,2048,8,no,1,0.038701111
mandelbrot_pth,full,2048,8,no,2,0.038678460
mandelbrot_pth,full,2048,8,no,3,0.038538350
mandelbrot_pth,full,2048,8,no,4,0.038335650
mandelbrot_pth,full,2048,8,no,5,0.038586400
mandelbrot_pth,full,2048,8,no,6,0.038996541
mandelbrot_pth,full,2048,8,no,7,0.038669380
mandelbrot_pth,full,2048,8,no,8,0.038684030
mandelbrot_pth,full,2048,8,no,9,0.038633920
mandelbrot_pth,full,2048,8,no,10,0.038569980
mandelbrot_pth,full,2048,16,no,1,0.020642563
mandelbrot_pth,full,2048,16,no,2,0.020947223
mandelbrot_pth,full,2048,16,no,3,0.020610313
mandelbrot_pth,full,2048,16,no,4,0.020687682
mandelbrot_pth,full,2048,16,no,5,0.020683463
mandelbrot_pth,full,2048,16,no,6,0.020527902
mandelbrot_pth,full,2048,16,no,7,0.020454163
mandelbrot_pth,full,2048,16,no,8,0.020625133
mandelbrot_pth,full,2048,16,no,9,0.020679993
mandelbrot_pth,full,2048,16,no,10,0.021042274
mandelbrot_pth,full,2048,32,no,1,0.012711826
mandelbrot_pth,full,2048,32,no,2,0.012470895
mandelbrot_pth,full,2048,32,no,3,0.012278275
mandelbrot_pth,full,2048,32,no,4,0.012318715
mandelbrot_pth,full,2048,32,no,5,0.012095035
mandelbrot_pth,full,2048,32,no,6,0.012975557
mandelbrot_pth,full,2048,32,no,7,0.012099615
mandelbrot_pth,full,2048,32,no,8,0.012405916
mandelbrot_pth,full,2048,32,no,9,0.012140485
mandelbrot_pth,full,2048,32,no,10,0.012241446
mandelbrot_pth,seahorse,2048,1,no,1,2.207280849
mandelbrot_pth,seahorse,2048,1,no,2,2.210063100
mandelbrot_pth,seahorse,2048,1,no,3,2.208144121
mandelbrot_pth,seahorse,2048,1,no,4,2.209318488
mandelbrot_pth,seahorse,2048,1,no,5,2.207909300
mandelbrot_pth,seahorse,2048,1,no,6,2.209366690
mandelbrot_pth,seahorse,2048,1,no,7,2.208367770
mandelbrot_pth,seahorse,2048,1,no,8,2.208123343
mandelbrot_pth,seahorse,2048,1,no,9,2.209151018
mandelbrot_pth,seahorse,2048,1,no,10,2.208444731
mandelbrot_pth,seahorse,2048,2,no,1,1.108654067
mandelbrot_pth,seahorse,2048,2,no,2,1.107184255
mandelbrot_pth,seahorse,2048,2,no,3,1.108190358
mandelbrot_pth,seahorse,2048,2,no,4,1.108052278
mandelbrot_pth,seahorse,2048,2,no,5,1.107863588
mandelbrot_pth,seahorse,2048,2,no,6,1.107930908
mandelbrot_pth,seahorse,2048,2,no,7,1.107827169
mandelbrot_pth,seahorse,2048,2,no,8,1.107682940
mandelbrot_pth,seahorse,2048,2,no,9,1.107474761
mandelbrot_pth,seahorse,2048,2,no,10,1.107591200
mandelbrot_pth,seahorse,2048,4,no,1,0.558017218
mandelbrot_pth,seahorse,2048,4,no,2,0.558399837
mandelbrot_pth,seahorse,2048,4,no,3,0.557985818
mandelbrot_pth,seahorse,2048,4,no,4,0.558288858
mandelbrot_pth,seahorse,2048,4,no,5,0.558113249
mandelbrot_pth,seahorse,2048,4,no,6,0.558122646
mandelbrot_pth,seahorse,2048,4,no,7,0.557618719
mandelbrot_pth,seahorse,2048,4,no,8,0.558085295
mandelbrot_pth,seahorse,2048,4,no,9,0.557979292
mandelbrot_pth,seahorse,2048,4,no,10,0.557910623
mandelbrot_pth,seahorse,2048,8,no,1,0.281432833
mandelbrot_pth,seahorse,2048,8,no,2,0.281217372
mandelbrot_pth,seahorse,2048,8,no,3,0.281066572
mandelbrot_pth,seahorse,2048,8,no,4,0.281255835
mandelbrot_pth,seahorse,2048,8,no,5,0.281543208
mandelbrot_pth,seahorse,2048,8,no,6,0.281245777
mandelbrot_pth,seahorse,2048,8,no,7,0.281163067
mandelbrot_pth,seahorse,2048,8,no,8,0.280927281
mandelbrot_pth,seahorse,2048,8,no,9,0.281123901
mandelbrot_pth,seahorse,2048,8,no,10,0.280885031
mandelbrot_pth,seahorse,2048,16,no,1,0.142946218
mandelbrot_pth,seahorse,2048,16,no,2,0.142584508
mandelbrot_pth,seahorse,2048,16,no,3,0.142549978
mandelbrot_pth,seahorse,2048,16,no,4,0.143415691
mandelbrot_pth,seahorse,2048,16,no,5,0.142678909
mandelbrot_pth,seahorse,2048,16,no,6,0.142813009
mandelbrot_pth,seahorse,2048,16,no,7,0.142789159
mandelbrot_pth,seahorse,2048,16,no,8,0.142545991
mandelbrot_pth,seahorse,2048,16,no,9,0.142796781
mandelbrot_pth,seahorse,2048,16,no,10,0.143125942
mandelbrot_pth,seahorse,2048,32,no,1,0.077002477
mandelbrot_pth,seahorse,2048,32,no,2,0.076936077
mandelbrot_pth,seahorse,2048,32,no,3,0.076825016
mandelbrot_pth,seahorse,2048,32,no,4,0.077138547
mandelbrot_pth,seahorse,2048,32,no,5,0.076829206
mandelbrot_pth,seahorse,2048,32,no,6,0.076792246
mandelbrot_pth,seahorse,2048,32,no,7,0.076993987
mandelbrot_pth,seahorse,2048,32,no,8,0.077162468
mandelbrot_pth,seahorse,2048,32,no,9,0.076798088
mandelbrot_pth,seahorse,2048,32,no,10,0.076972588
mandelbrot_pth,elephant,2048,1,no,1,2.086431059
mandelbrot_pth,elephant,2048,1,no,2,2.086597440
mandelbrot_pth,elephant,2048,1,no,3,2.086356089
mandelbrot_pth,elephant,2048,1,no,4,2.086396819
mandelbrot_pth,elephant,2048,1,no,5,2.086536278
mandelbrot_pth,elephant,2048,1,no,6,2.087934642
mandelbrot_pth,elephant,2048,1,no,7,2.085315513
mandelbrot_pth,elephant,2048,1,no,8,2.084817130
mandelbrot_pth,elephant,2048,1,no,9,2.085024240
mandelbrot_pth,elephant,2048,1,no,10,2.086069971
mandelbrot_pth,elephant,2048,2,no,1,1.044792536
mandelbrot_pth,elephant,2048,2,no,2,1.046883951
mandelbrot_pth,elephant,2048,2,no,3,1.046457236
mandelbrot_pth,elephant,2048,2,no,4,1.046050641
mandelbrot_pth,elephant,2048,2,no,5,1.046338400
mandelbrot_pth,elephant,2048,2,no,6,1.045325473
mandelbrot_pth,elephant,2048,2,no,7,1.045202219
mandelbrot_pth,elephant,2048,2,no,8,1.045498727
mandelbrot_pth,elephant,2048,2,no,9,1.045757165
mandelbrot_pth,elephant,2048,2,no,10,1.045510671
mandelbrot_pth,elephant,2048,4,no,1,0.527524993
mandelbrot_pth,elephant,2048,4,no,2,0.526721703
mandelbrot_pth,elephant,2048,4,no,3,0.526582559
mandelbrot_pth,elephant,2048,4,no,4,0.527342754
mandelbrot_pth,elephant,2048,4,no,5,0.527479991
mandelbrot_pth,elephant,2048,4,no,6,0.526632309
mandelbrot_pth,elephant,2048,4,no,7,0.526935388
mandelbrot_pth,elephant,2048,4,no,8,0.527535071
mandelbrot_pth,elephant,2048,4,no,9,0.527505768
mandelbrot_pth,elephant,2048,4,no,10,0.526632177
mandelbrot_pth,elephant,2048,8,no,1,0.266475647
mandelbrot_pth,elephant,2048,8,no,2,0.266463667
mandelbrot_pth,elephant,2048,8,no,3,0.266887839
mandelbrot_pth,elephant,2048,8,no,4,0.266941312
mandelbrot_pth,elephant,2048,8,no,5,0.266366861
mandelbrot_pth,elephant,2048,8,no,6,0.266176600
mandelbrot_pth,elephant,2048,8,no,7,0.266185911
mandelbrot_pth,elephant,2048,8,no,8,0.266504615
mandelbrot_pth,elephant,2048,8,no,9,0.266607446
mandelbrot_pth,elephant,2048,8,no,10,0.267011157
mandelbrot_pth,elephant,2048,16,no,1,0.137508062
mandelbrot_pth,elephant,2048,16,no,2,0.136556471
mandelbrot_pth,elephant,2048,16,no,3,0.136153190
mandelbrot_pth,elephant,2048,16,no,4,0.136691451
mandelbrot_pth,elephant,2048,16,no,5,0.137072143
mandelbrot_pth,elephant,2048,16,no,6,0.136885493
mandelbrot_pth,elephant,2048,16,no,7,0.137051563
mandelbrot_pth,elephant,2048,16,no,8,0.136637782
mandelbrot_pth,elephant,2048,16,no,9,0.136937334
mandelbrot_pth,elephant,2048,16,no,10,0.136651943
mandelbrot_pth,elephant,2048,32,no,1,0.074458048
mandelbrot_pth,elephant,2048,32,no,2,0.074271318
mandelbrot_pth,elephant,2048,32,no,3,0.074644708
mandelbrot_pth,elephant,2048,32,no,4,0.074471048
mandelbrot_pth,elephant,2048,32,no,5,0.074647099
mandelbrot_pth,elephant,2048,32,no,6,0.074410017
mandelbrot_pth,elephant,2048,32,no,7,0.074400987
mandelbrot_pth,elephant,2048,32,no,8,0.074454317
mandelbrot_pth,elephant,2048,32,no,9,0.074527758
mandelbrot_pth,elephant,2048,32,no,10,0.074810361
mandelbrot_pth,triple_spiral,2048,1,no,1,2.524847999
mandelbrot_pth,triple_spiral,2048,1,no,2,2.524699252
mandelbrot_pth,triple_spiral,2048,1,no,3,2.526684924
mandelbrot_pth,triple_spiral,2048,1,no,4,2.522054901
mandelbrot_pth,triple_spiral,2048,1,no,5,2.523755210
mandelbrot_pth,triple_spiral,2048,1,no,6,2.521890297
mandelbrot_pth,triple_spiral,2048,1,no,7,2.521553907
mandelbrot_pth,triple_spiral,2048,1,no,8,2.521599700
mandelbrot_pth,triple_spiral,2048,1,no,9,2.524011608
mandelbrot_pth,triple_spiral,2048,1,no,10,2.526104260
mandelbrot_pth,triple_spiral,2048,2,no,1,1.266025565
mandelbrot_pth,triple_spiral,2048,2,no,2,1.267417011
mandelbrot_pth,triple_spiral,2048,2,no,3,1.267555018
mandelbrot_pth,triple_spiral,2048,2,no,4,1.267626449
mandelbrot_pth,triple_spiral,2048,2,no,5,1.267695141
mandelbrot_pth,triple_spiral,2048,2,no,6,1.268765628
mandelbrot_pth,triple_spiral,2048,2,no,7,1.267579078
mandelbrot_pth,triple_spiral,2048,2,no,8,1.267841060
mandelbrot_pth,triple_spiral,2048,2,no,9,1.267891942
mandelbrot_pth,triple_spiral,2048,2,no,10,1.267739936
mandelbrot_pth,triple_spiral,2048,4,no,1,0.637512065
mandelbrot_pth,triple_spiral,2048,4,no,2,0.637524432
mandelbrot_pth,triple_spiral,2048,4,no,3,0.637190295
mandelbrot_pth,triple_spiral,2048,4,no,4,0.637927404
mandelbrot_pth,triple_spiral,2048,4,no,5,0.637082307
mandelbrot_pth,triple_spiral,2048,4,no,6,0.637585143
mandelbrot_pth,triple_spiral,2048,4,no,7,0.637311920
mandelbrot_pth,triple_spiral,2048,4,no,8,0.636985613
mandelbrot_pth,triple_spiral,2048,4,no,9,0.637640990
mandelbrot_pth,triple_spiral,2048,4,no,10,0.637113197
mandelbrot_pth,triple_spiral,2048,8,no,1,0.321691891
mandelbrot_pth,triple_spiral,2048,8,no,2,0.321857346
mandelbrot_pth,triple_spiral,2048,8,no,3,0.321837256
mandelbrot_pth,triple_spiral,2048,8,no,4,0.321985797
mandelbrot_pth,triple_spiral,2048,8,no,5,0.321948700
mandelbrot_pth,triple_spiral,2048,8,no,6,0.321512569
mandelbrot_pth,triple_spiral,2048,8,no,7,0.321720560
mandelbrot_pth,triple_spiral,2048,8,no,8,0.321112422
mandelbrot_pth,triple_spiral,2048,8,no,9,0.321666204
mandelbrot_pth,triple_spiral,2048,8,no,10,0.321432953
mandelbrot_pth,triple_spiral,2048,16,no,1,0.164297923
mandelbrot_pth,triple_spiral,2048,16,no,2,0.164531994
mandelbrot_pth,triple_spiral,2048,16,no,3,0.164243353
mandelbrot_pth,triple_spiral,2048,16,no,4,0.163828702
mandelbrot_pth,triple_spiral,2048,16,no,5,0.163955942
mandelbrot_pth,triple_spiral,2048,16,no,6,0.163890272
mandelbrot_pth,triple_spiral,2048,16,no,7,0.164424007
mandelbrot_pth,triple_spiral,2048,16,no,8,0.164102615
mandelbrot_pth,triple_spiral,2048,16,no,9,0.163809194
mandelbrot_pth,triple_spiral,2048,16,no,10,0.165113089
mandelbrot_pth,triple_spiral,2048,32,no,1,0.088535669
mandelbrot_pth,triple_spiral,2048,32,no,2,0.088463270
mandelbrot_pth,triple_spiral,2048,32,no,3,0.088397829
mandelbrot_pth,triple_spiral,2048,32,no,4,0.088464590
mandelbrot_pth,triple_spiral,2048,32,no,5,0.088542570
mandelbrot_pth,triple_spiral,2048,32,no,6,0.088353810
mandelbrot_pth,triple_spiral,2048,32,no,7,0.088195410
mandelbrot_pth,triple_spiral,2048,32,no,8,0.088372530
mandelbrot_pth,triple_spiral,2048,32,no,9,0.088235099
mandelbrot_pth,triple_spiral,2048,32,no,10,0.088393930
mandelbrot_pth,full,4096,1,no,1,1.171130896
mandelbrot_pth,full,4096,1,no,2,1.171951019
mandelbrot_pth,full,4096,1,no,3,1.172293860
mandelbrot_pth,full,4096,1,no,4,1.172835630
mandelbrot_pth,full,4096,1,no,5,1.172541217
mandelbrot_pth,full,4096,1,no,6,1.171668682
mandelbrot_pth,full,4096,1,no,7,1.172632473
mandelbrot_pth,full,4096,1,no,8,1.171975620
mandelbrot_pth,full,4096,1,no,9,1.172170020
mandelbrot_pth,full,4096,1,no,10,1.173124612
mandelbrot_pth,full,4096,2,no,1,0.588545710
mandelbrot_pth,full,4096,2,no,2,0.585556124
mandelbrot_pth,full,4096,2,no,3,0.585471897
mandelbrot_pth,full,4096,2,no,4,0.585508861
mandelbrot_pth,full,4096,2,no,5,0.584942054
mandelbrot_pth,full,4096,2,no,6,0.585394819
mandelbrot_pth,full,4096,2,no,7,0.585428316
mandelbrot_pth,full,4096,2,no,8,0.585263569
mandelbrot_pth,full,4096,2,no,9,0.585308853
mandelbrot_pth,full,4096,2,no,10,0.585698441
mandelbrot_pth,full,4096,4,no,1,0.293905431
mandelbrot_pth,full,4096,4,no,2,0.294129842
mandelbrot_pth,full,4096,4,no,3,0.293670224
mandelbrot_pth,full,4096,4,no,4,0.294471747
mandelbrot_pth,full,4096,4,no,5,0.293324232
mandelbrot_pth,full,4096,4,no,6,0.293840478
mandelbrot_pth,full,4096,4,no,7,0.294138909
mandelbrot_pth,full,4096,4,no,8,0.293396606
mandelbrot_pth,full,4096,4,no,9,0.294465933
mandelbrot_pth,full,4096,4,no,10,0.293423741
mandelbrot_pth,full,4096,8,no,1,0.147794090
mandelbrot_pth,full,4096,8,no,2,0.147895840
mandelbrot_pth,full,4096,8,no,3,0.147663799
mandelbrot_pth,full,4096,8,no,4,0.147775120
mandelbrot_pth,full,4096,8,no,5,0.148009273
mandelbrot_pth,full,4096,8,no,6,0.148035413
mandelbrot_pth,full,4096,8,no,7,0.147634151
mandelbrot_pth,full,4096,8,no,8,0.147772002
mandelbrot_pth,full,4096,8,no,9,0.147958803
mandelbrot_pth,full,4096,8,no,10,0.147962952
mandelbrot_pth,full,4096,16,no,1,0.075426919
mandelbrot_pth,full,4096,16,no,2,0.075508779
mandelbrot_pth,full,4096,16,no,3,0.075647770
mandelbrot_pth,full,4096,16,no,4,0.075798860
mandelbrot_pth,full,4096,16,no,5,0.075420489
mandelbrot_pth,full,4096,16,no,6,0.075104157
mandelbrot_pth,full,4096,16,no,7,0.075626170
mandelbrot_pth,full,4096,16,no,8,0.075496679
mandelbrot_pth,full,4096,16,no,9,0.075631919
mandelbrot_pth,full,4096,16,no,10,0.075574079
mandelbrot_pth,full,4096,32,no,1,0.039536668
mandelbrot_pth,full,4096,32,no,2,0.039513188
mandelbrot_pth,full,4096,32,no,3,0.039977690
mandelbrot_pth,full,4096,32,no,4,0.039363037
mandelbrot_pth,full,4096,32,no,5,0.040534683
mandelbrot_pth,full,4096,32,no,6,0.039886529
mandelbrot_pth,full,4096,32,no,7,0.039854999
mandelbrot_pth,full,4096,32,no,8,0.039515158
mandelbrot_pth,full,4096,32,no,9,0.039444987
mandelbrot_pth,full,4096,32,no,10,0.039823030
mandelbrot_pth,seahorse,4096,1,no,1,8.838186775
mandelbrot_pth,seahorse,4096,1,no,2,8.838706507
mandelbrot_pth,seahorse,4096,1,no,3,8.839284344
mandelbrot_pth,seahorse,4096,1,no,4,8.839392011
mandelbrot_pth,seahorse,4096,1,no,5,8.847916633
mandelbrot_pth,seahorse,4096,1,no,6,8.849330216
mandelbrot_pth,seahorse,4096,1,no,7,8.848800283
mandelbrot_pth,seahorse,4096,1,no,8,8.844941666
mandelbrot_pth,seahorse,4096,1,no,9,8.829543200
mandelbrot_pth,seahorse,4096,1,no,10,8.839534487
mandelbrot_pth,seahorse,4096,2,no,1,4.419666156
mandelbrot_pth,seahorse,4096,2,no,2,4.420912024
mandelbrot_pth,seahorse,4096,2,no,3,4.420756599
mandelbrot_pth,seahorse,4096,2,no,4,4.420266456
mandelbrot_pth,seahorse,4096,2,no,5,4.418795570
mandelbrot_pth,seahorse,4096,2,no,6,4.423865564
mandelbrot_pth,seahorse,4096,2,no,7,4.426338059
mandelbrot_pth,seahorse,4096,2,no,8,4.424770880
mandelbrot_pth,seahorse,4096,2,no,9,4.424583728
mandelbrot_pth,seahorse,4096,2,no,10,4.424426543
mandelbrot_pth,seahorse,4096,4,no,1,2.220259734
mandelbrot_pth,seahorse,4096,4,no,2,2.219903850
mandelbrot_pth,seahorse,4096,4,no,3,2.220083140
mandelbrot_pth,seahorse,4096,4,no,4,2.220569830
mandelbrot_pth,seahorse,4096,4,no,5,2.220014417
mandelbrot_pth,seahorse,4096,4,no,6,2.218832298
mandelbrot_pth,seahorse,4096,4,no,7,2.218888595
mandelbrot_pth,seahorse,4096,4,no,8,2.217095591
mandelbrot_pth,seahorse,4096,4,no,9,2.217757064
mandelbrot_pth,seahorse,4096,4,no,10,2.218221074
mandelbrot_pth,seahorse,4096,8,no,1,1.116869798
mandelbrot_pth,seahorse,4096,8,no,2,1.118962663
mandelbrot_pth,seahorse,4096,8,no,3,1.119196756
mandelbrot_pth,seahorse,4096,8,no,4,1.117101485
mandelbrot_pth,seahorse,4096,8,no,5,1.119334411
mandelbrot_pth,seahorse,4096,8,no,6,1.117061209
mandelbrot_pth,seahorse,4096,8,no,7,1.116879059
mandelbrot_pth,seahorse,4096,8,no,8,1.117261953
mandelbrot_pth,seahorse,4096,8,no,9,1.117249685
mandelbrot_pth,seahorse,4096,8,no,10,1.117707189
mandelbrot_pth,seahorse,4096,16,no,1,0.560301798
mandelbrot_pth,seahorse,4096,16,no,2,0.560815705
mandelbrot_pth,seahorse,4096,16,no,3,0.561460642
mandelbrot_pth,seahorse,4096,16,no,4,0.560729530
mandelbrot_pth,seahorse,4096,16,no,5,0.560381102
mandelbrot_pth,seahorse,4096,16,no,6,0.560434093
mandelbrot_pth,seahorse,4096,16,no,7,0.560562208
mandelbrot_pth,seahorse,4096,16,no,8,0.560769842
mandelbrot_pth,seahorse,4096,16,no,9,0.560536504
mandelbrot_pth,seahorse,4096,16,no,10,0.560808268
mandelbrot_pth,seahorse,4096,32,no,1,0.283816062
mandelbrot_pth,seahorse,4096,32,no,2,0.283398660
mandelbrot_pth,seahorse,4096,32,no,3,0.283291780
mandelbrot_pth,seahorse,4096,32,no,4,0.283318321
mandelbrot_pth,seahorse,4096,32,no,5,0.283342492
mandelbrot_pth,seahorse,4096,32,no,6,0.283255952
mandelbrot_pth,seahorse,4096,32,no,7,0.282936401
mandelbrot_pth,seahorse,4096,32,no,8,0.283580846
mandelbrot_pth,seahorse,4096,32,no,9,0.283657396
mandelbrot_pth,seahorse,4096,32,no,10,0.284135622
mandelbrot_pth,elephant,4096,1,no,1,8.319890281
mandelbrot_pth,elephant,4096,1,no,2,8.327559654
mandelbrot_pth,elephant,4096,1,no,3,8.339877352
mandelbrot_pth,elephant,4096,1,no,4,8.337100349
mandelbrot_pth,elephant,4096,1,no,5,8.338364913
mandelbrot_pth,elephant,4096,1,no,6,8.337722297
mandelbrot_pth,elephant,4096,1,no,7,8.327019290
mandelbrot_pth,elephant,4096,1,no,8,8.318363115
mandelbrot_pth,elephant,4096,1,no,9,8.319793352
mandelbrot_pth,elephant,4096,1,no,10,8.320644616
mandelbrot_pth,elephant,4096,2,no,1,4.161982792
mandelbrot_pth,elephant,4096,2,no,2,4.161394761
mandelbrot_pth,elephant,4096,2,no,3,4.162362761
mandelbrot_pth,elephant,4096,2,no,4,4.170281520
mandelbrot_pth,elephant,4096,2,no,5,4.170149431
mandelbrot_pth,elephant,4096,2,no,6,4.166715525
mandelbrot_pth,elephant,4096,2,no,7,4.167005396
mandelbrot_pth,elephant,4096,2,no,8,4.169651163
mandelbrot_pth,elephant,4096,2,no,9,4.166885910
mandelbrot_pth,elephant,4096,2,no,10,4.166239671
mandelbrot_pth,elephant,4096,4,no,1,2.095273033
mandelbrot_pth,elephant,4096,4,no,2,2.093977594
mandelbrot_pth,elephant,4096,4,no,3,2.093184860
mandelbrot_pth,elephant,4096,4,no,4,2.094364599
mandelbrot_pth,elephant,4096,4,no,5,2.093065211
mandelbrot_pth,elephant,4096,4,no,6,2.094969396
mandelbrot_pth,elephant,4096,4,no,7,2.091761253
mandelbrot_pth,elephant,4096,4,no,8,2.090600785
mandelbrot_pth,elephant,4096,4,no,9,2.090895428
mandelbrot_pth,elephant,4096,4,no,10,2.090909178
mandelbrot_pth,elephant,4096,8,no,1,1.056150922
mandelbrot_pth,elephant,4096,8,no,2,1.056677593
mandelbrot_pth,elephant,4096,8,no,3,1.056518120
mandelbrot_pth,elephant,4096,8,no,4,1.056126005
mandelbrot_pth,elephant,4096,8,no,5,1.056109751
mandelbrot_pth,elephant,4096,8,no,6,1.056449992
mandelbrot_pth,elephant,4096,8,no,7,1.055693344
mandelbrot_pth,elephant,4096,8,no,8,1.055976953
mandelbrot_pth,elephant,4096,8,no,9,1.056347474
mandelbrot_pth,elephant,4096,8,no,10,1.055973769
mandelbrot_pth,elephant,4096,16,no,1,0.532843365
mandelbrot_pth,elephant,4096,16,no,2,0.532893376
mandelbrot_pth,elephant,4096,16,no,3,0.532831268
mandelbrot_pth,elephant,4096,16,no,4,0.533400514
mandelbrot_pth,elephant,4096,16,no,5,0.532741512
mandelbrot_pth,elephant,4096,16,no,6,0.533188297
mandelbrot_pth,elephant,4096,16,no,7,0.533278059
mandelbrot_pth,elephant,4096,16,no,8,0.532802678
mandelbrot_pth,elephant,4096,16,no,9,0.532588837
mandelbrot_pth,elephant,4096,16,no,10,0.533356596
mandelbrot_pth,elephant,4096,32,no,1,0.273417400
mandelbrot_pth,elephant,4096,32,no,2,0.272672655
mandelbrot_pth,elephant,4096,32,no,3,0.272808527
mandelbrot_pth,elephant,4096,32,no,4,0.273103879
mandelbrot_pth,elephant,4096,32,no,5,0.273522893
mandelbrot_pth,elephant,4096,32,no,6,0.272953219
mandelbrot_pth,elephant,4096,32,no,7,0.272792919
mandelbrot_pth,elephant,4096,32,no,8,0.273066581
mandelbrot_pth,elephant,4096,32,no,9,0.273109132
mandelbrot_pth,elephant,4096,32,no,10,0.272972812
mandelbrot_pth,triple_spiral,4096,1,no,1,10.079057537
mandelbrot_pth,triple_spiral,4096,1,no,2,10.104986540
mandelbrot_pth,triple_spiral,4096,1,no,3,10.104500198
mandelbrot_pth,triple_spiral,4096,1,no,4,10.105411853
mandelbrot_pth,triple_spiral,4096,1,no,5,10.099772054
mandelbrot_pth,triple_spiral,4096,1,no,6,10.092955100
mandelbrot_pth,triple_spiral,4096,1,no,7,10.093715317
mandelbrot_pth,triple_spiral,4096,1,no,8,10.096076625
mandelbrot_pth,triple_spiral,4096,1,no,9,10.097118491
mandelbrot_pth,triple_spiral,4096,1,no,10,10.105615248
mandelbrot_pth,triple_spiral,4096,2,no,1,5.048931731
mandelbrot_pth,triple_spiral,4096,2,no,2,5.048650675
mandelbrot_pth,triple_spiral,4096,2,no,3,5.048734313
mandelbrot_pth,triple_spiral,4096,2,no,4,5.051073957
mandelbrot_pth,triple_spiral,4096,2,no,5,5.048501328
mandelbrot_pth,triple_spiral,4096,2,no,6,5.048276929
mandelbrot_pth,triple_spiral,4096,2,no,7,5.048132498
mandelbrot_pth,triple_spiral,4096,2,no,8,5.048114318
mandelbrot_pth,triple_spiral,4096,2,no,9,5.044460525
mandelbrot_pth,triple_spiral,4096,2,no,10,5.044815344
mandelbrot_pth,triple_spiral,4096,4,no,1,2.533161942
mandelbrot_pth,triple_spiral,4096,4,no,2,2.534366524
mandelbrot_pth,triple_spiral,4096,4,no,3,2.644943658
mandelbrot_pth,triple_spiral,4096,4,no,4,2.532472171
mandelbrot_pth,triple_spiral,4096,4,no,5,2.532796156
mandelbrot_pth,triple_spiral,4096,4,no,6,2.531570716
mandelbrot_pth,triple_spiral,4096,4,no,7,2.534336380
mandelbrot_pth,triple_spiral,4096,4,no,8,2.535574131
mandelbrot_pth,triple_spiral,4096,4,no,9,2.535330060
mandelbrot_pth,triple_spiral,4096,4,no,10,2.535801535
mandelbrot_pth,triple_spiral,4096,8,no,1,1.277017423
mandelbrot_pth,triple_spiral,4096,8,no,2,1.276285824
mandelbrot_pth,triple_spiral,4096,8,no,3,1.276643165
mandelbrot_pth,triple_spiral,4096,8,no,4,1.275821276
mandelbrot_pth,triple_spiral,4096,8,no,5,1.276545139
mandelbrot_pth,triple_spiral,4096,8,no,6,1.276343695
mandelbrot_pth,triple_spiral,4096,8,no,7,1.278068009
mandelbrot_pth,triple_spiral,4096,8,no,8,1.276580713
mandelbrot_pth,triple_spiral,4096,8,no,9,1.276090825
mandelbrot_pth,triple_spiral,4096,8,no,10,1.277133182
mandelbrot_pth,triple_spiral,4096,16,no,1,0.644076117
mandelbrot_pth,triple_spiral,4096,16,no,2,0.643023901
mandelbrot_pth,triple_spiral,4096,16,no,3,0.643004362
mandelbrot_pth,triple_spiral,4096,16,no,4,0.644879680
mandelbrot_pth,triple_spiral,4096,16,no,5,0.643517280
mandelbrot_pth,triple_spiral,4096,16,no,6,0.643279870
mandelbrot_pth,triple_spiral,4096,16,no,7,0.643388183
mandelbrot_pth,triple_spiral,4096,16,no,8,0.643951970
mandelbrot_pth,triple_spiral,4096,16,no,9,0.644220223
mandelbrot_pth,triple_spiral,4096,16,no,10,0.643474199
mandelbrot_pth,triple_spiral,4096,32,no,1,0.328148522
mandelbrot_pth,triple_spiral,4096,32,no,2,0.327992851
mandelbrot_pth,triple_spiral,4096,32,no,3,0.327611198
mandelbrot_pth,triple_spiral,4096,32,no,4,0.327688589
mandelbrot_pth,triple_spiral,4096,32,no,5,0.327112995
mandelbrot_pth,triple_spiral,4096,32,no,6,0.327171565
mandelbrot_pth,triple_spiral,4096,32,no,7,0.327577180
mandelbrot_pth,triple_spiral,4096,32,no,8,0.327314938
mandelbrot_pth,triple_spiral,4096,32,no,9,0.327391229
mandelbrot_pth,triple_spiral,4096,32,no,10,0.327496480
mandelbrot_pth,full,8192,1,no,1,4.667784545
mandelbrot_pth,full,8192,1,no,2,4.671372805
mandelbrot_pth,full,8192,1,no,3,4.693787238
mandelbrot_pth,full,8192,1,no,4,4.657975637
mandelbrot_pth,full,8192,1,no,5,4.658858670
mandelbrot_pth,full,8192,1,no,6,4.665700173
mandelbrot_pth,full,8192,1,no,7,4.703887187
mandelbrot_pth,full,8192,1,no,8,4.659145690
mandelbrot_pth,full,8192,1,no,9,4.660208119
mandelbrot_pth,full,8192,1,no,10,4.661354079
mandelbrot_pth,full,8192,2,no,1,2.335451551
mandelbrot_pth,full,8192,2,no,2,2.334749677
mandelbrot_pth,full,8192,2,no,3,2.335711647
mandelbrot_pth,full,8192,2,no,4,2.334547610
mandelbrot_pth,full,8192,2,no,5,2.334844434
mandelbrot_pth,full,8192,2,no,6,2.334480192
mandelbrot_pth,full,8192,2,no,7,2.333599637
mandelbrot_pth,full,8192,2,no,8,2.334291145
mandelbrot_pth,full,8192,2,no,9,2.334634129
mandelbrot_pth,full,8192,2,no,10,2.334874033
mandelbrot_pth,full,8192,4,no,1,1.168353623
mandelbrot_pth,full,8192,4,no,2,1.168212077
mandelbrot_pth,full,8192,4,no,3,1.168682266
mandelbrot_pth,full,8192,4,no,4,1.167914185
mandelbrot_pth,full,8192,4,no,5,1.168510786
mandelbrot_pth,full,8192,4,no,6,1.168282939
mandelbrot_pth,full,8192,4,no,7,1.167995052
mandelbrot_pth,full,8192,4,no,8,1.168403941
mandelbrot_pth,full,8192,4,no,9,1.168067153
mandelbrot_pth,full,8192,4,no,10,1.167579813
mandelbrot_pth,full,8192,8,no,1,0.585710801
mandelbrot_pth,full,8192,8,no,2,0.585812424
mandelbrot_pth,full,8192,8,no,3,0.589021074
mandelbrot_pth,full,8192,8,no,4,0.585830487
mandelbrot_pth,full,8192,8,no,5,0.584723437
mandelbrot_pth,full,8192,8,no,6,0.585757739
mandelbrot_pth,full,8192,8,no,7,0.585572208
mandelbrot_pth,full,8192,8,no,8,0.584143696
mandelbrot_pth,full,8192,8,no,9,0.584051157
mandelbrot_pth,full,8192,8,no,10,0.585828243
mandelbrot_pth,full,8192,16,no,1,0.294255715
mandelbrot_pth,full,8192,16,no,2,0.295747149
mandelbrot_pth,full,8192,16,no,3,0.293858371
mandelbrot_pth,full,8192,16,no,4,0.294745501
mandelbrot_pth,full,8192,16,no,5,0.294663640
mandelbrot_pth,full,8192,16,no,6,0.293887453
mandelbrot_pth,full,8192,16,no,7,0.295013664
mandelbrot_pth,full,8192,16,no,8,0.293850993
mandelbrot_pth,full,8192,16,no,9,0.294647151
mandelbrot_pth,full,8192,16,no,10,0.294290088
mandelbrot_pth,full,8192,32,no,1,0.149042987
mandelbrot_pth,full,8192,32,no,2,0.149486641
mandelbrot_pth,full,8192,32,no,3,0.149813674
mandelbrot_pth,full,8192,32,no,4,0.149625393
mandelbrot_pth,full,8192,32,no,5,0.149104048
mandelbrot_pth,full,8192,32,no,6,0.149362210
mandelbrot_pth,full,8192,32,no,7,0.150611812
mandelbrot_pth,full,8192,32,no,8,0.149657413
mandelbrot_pth,full,8192,32,no,9,0.149102848
mandelbrot_pth,full,8192,32,no,10,0.149175508
mandelbrot_pth,seahorse,8192,1,no,1,35.342132539
mandelbrot_pth,seahorse,8192,1,no,2,35.375520607
mandelbrot_pth,seahorse,8192,1,no,3,35.291277582
mandelbrot_pth,seahorse,8192,1,no,4,35.291915707
mandelbrot_pth,seahorse,8192,1,no,5,35.292231007
mandelbrot_pth,seahorse,8192,1,no,6,35.293512341
mandelbrot_pth,seahorse,8192,1,no,7,35.291800173
mandelbrot_pth,seahorse,8192,1,no,8,35.292768287
mandelbrot_pth,seahorse,8192,1,no,9,35.287841001
mandelbrot_pth,seahorse,8192,1,no,10,35.296200509
mandelbrot_pth,seahorse,8192,2,no,1,17.662112919
mandelbrot_pth,seahorse,8192,2,no,2,17.660676069
mandelbrot_pth,seahorse,8192,2,no,3,17.659218571
mandelbrot_pth,seahorse,8192,2,no,4,17.658824284
mandelbrot_pth,seahorse,8192,2,no,5,17.660085347
mandelbrot_pth,seahorse,8192,2,no,6,17.660084709
mandelbrot_pth,seahorse,8192,2,no,7,17.660584400
mandelbrot_pth,seahorse,8192,2,no,8,17.660124154
mandelbrot_pth,seahorse,8192,2,no,9,17.659734955
mandelbrot_pth,seahorse,8192,2,no,10,17.658430320
mandelbrot_pth,seahorse,8192,4,no,1,8.831165466
mandelbrot_pth,seahorse,8192,4,no,2,8.830904856
mandelbrot_pth,seahorse,8192,4,no,3,8.831204459
mandelbrot_pth,seahorse,8192,4,no,4,8.830896984
mandelbrot_pth,seahorse,8192,4,no,5,8.830323435
mandelbrot_pth,seahorse,8192,4,no,6,8.830262490
mandelbrot_pth,seahorse,8192,4,no,7,8.830564286
mandelbrot_pth,seahorse,8192,4,no,8,8.830539058
mandelbrot_pth,seahorse,8192,4,no,9,8.830528917
mandelbrot_pth,seahorse,8192,4,no,10,8.881869346
mandelbrot_pth,seahorse,8192,8,no,1,4.436402749
mandelbrot_pth,seahorse,8192,8,no,2,4.443928589
mandelbrot_pth,seahorse,8192,8,no,3,4.519397106
mandelbrot_pth,seahorse,8192,8,no,4,4.439946441
mandelbrot_pth,seahorse,8192,8,no,5,4.431617065
mandelbrot_pth,seahorse,8192,8,no,6,4.431563875
mandelbrot_pth,seahorse,8192,8,no,7,4.436566569
mandelbrot_pth,seahorse,8192,8,no,8,4.480919108
mandelbrot_pth,seahorse,8192,8,no,9,4.480603496
mandelbrot_pth,seahorse,8192,8,no,10,4.448230524
mandelbrot_pth,seahorse,8192,16,no,1,2.233108875
mandelbrot_pth,seahorse,8192,16,no,2,2.238220104
mandelbrot_pth,seahorse,8192,16,no,3,2.237919226
mandelbrot_pth,seahorse,8192,16,no,4,2.304897199
mandelbrot_pth,seahorse,8192,16,no,5,2.236977646
mandelbrot_pth,seahorse,8192,16,no,6,2.231695615
mandelbrot_pth,seahorse,8192,16,no,7,2.231727831
mandelbrot_pth,seahorse,8192,16,no,8,2.304579077
mandelbrot_pth,seahorse,8192,16,no,9,2.232203566
mandelbrot_pth,seahorse,8192,16,no,10,2.269665257
mandelbrot_pth,seahorse,8192,32,no,1,1.120745097
mandelbrot_pth,seahorse,8192,32,no,2,1.120405085
mandelbrot_pth,seahorse,8192,32,no,3,1.138598838
mandelbrot_pth,seahorse,8192,32,no,4,1.120294925
mandelbrot_pth,seahorse,8192,32,no,5,1.120597780
mandelbrot_pth,seahorse,8192,32,no,6,1.119947234
mandelbrot_pth,seahorse,8192,32,no,7,1.120062337
mandelbrot_pth,seahorse,8192,32,no,8,1.119907456
mandelbrot_pth,seahorse,8192,32,no,9,1.120156530
mandelbrot_pth,seahorse,8192,32,no,10,1.120986700
mandelbrot_pth,elephant,8192,1,no,1,33.238675812
mandelbrot_pth,elephant,8192,1,no,2,33.242692577
mandelbrot_pth,elephant,8192,1,no,3,33.241109540
mandelbrot_pth,elephant,8192,1,no,4,33.243327415
mandelbrot_pth,elephant,8192,1,no,5,33.244217772
mandelbrot_pth,elephant,8192,1,no,6,33.243089114
mandelbrot_pth,elephant,8192,1,no,7,33.245911291
mandelbrot_pth,elephant,8192,1,no,8,33.242101043
mandelbrot_pth,elephant,8192,1,no,9,33.243905181
mandelbrot_pth,elephant,8192,1,no,10,33.244593049
mandelbrot_pth,elephant,8192,2,no,1,16.633169877
mandelbrot_pth,elephant,8192,2,no,2,16.633561196
mandelbrot_pth,elephant,8192,2,no,3,16.634561416
mandelbrot_pth,elephant,8192,2,no,4,16.640087871
mandelbrot_pth,elephant,8192,2,no,5,16.634430221
mandelbrot_pth,elephant,8192,2,no,6,16.640243482
mandelbrot_pth,elephant,8192,2,no,7,16.633705815
mandelbrot_pth,elephant,8192,2,no,8,16.634216346
mandelbrot_pth,elephant,8192,2,no,9,16.635872867
mandelbrot_pth,elephant,8192,2,no,10,16.640652134
mandelbrot_pth,elephant,8192,4,no,1,8.330251178
mandelbrot_pth,elephant,8192,4,no,2,8.324868988
mandelbrot_pth,elephant,8192,4,no,3,8.327995048
mandelbrot_pth,elephant,8192,4,no,4,8.327435035
mandelbrot_pth,elephant,8192,4,no,5,8.386038418
mandelbrot_pth,elephant,8192,4,no,6,8.328578598
mandelbrot_pth,elephant,8192,4,no,7,8.324840190
mandelbrot_pth,elephant,8192,4,no,8,8.328451022
mandelbrot_pth,elephant,8192,4,no,9,8.330677873
mandelbrot_pth,elephant,8192,4,no,10,8.326183076
mandelbrot_pth,elephant,8192,8,no,1,4.190265966
mandelbrot_pth,elephant,8192,8,no,2,4.220564295
mandelbrot_pth,elephant,8192,8,no,3,4.225449631
mandelbrot_pth,elephant,8192,8,no,4,4.191292533
mandelbrot_pth,elephant,8192,8,no,5,4.187869134
mandelbrot_pth,elephant,8192,8,no,6,4.185796591
mandelbrot_pth,elephant,8192,8,no,7,4.185489963
mandelbrot_pth,elephant,8192,8,no,8,4.184288111
mandelbrot_pth,elephant,8192,8,no,9,4.223125715
mandelbrot_pth,elephant,8192,8,no,10,4.183053141
mandelbrot_pth,elephant,8192,16,no,1,2.138180230
mandelbrot_pth,elephant,8192,16,no,2,2.111984714
mandelbrot_pth,elephant,8192,16,no,3,2.111997665
mandelbrot_pth,elephant,8192,16,no,4,2.111606608
mandelbrot_pth,elephant,8192,16,no,5,2.111915945
mandelbrot_pth,elephant,8192,16,no,6,2.146746451
mandelbrot_pth,elephant,8192,16,no,7,2.111612822
mandelbrot_pth,elephant,8192,16,no,8,2.111607012
mandelbrot_pth,elephant,8192,16,no,9,2.113265193
mandelbrot_pth,elephant,8192,16,no,10,2.111814009
mandelbrot_pth,elephant,8192,32,no,1,1.066760507
mandelbrot_pth,elephant,8192,32,no,2,1.065975671
mandelbrot_pth,elephant,8192,32,no,3,1.066205553
mandelbrot_pth,elephant,8192,32,no,4,1.065674602
mandelbrot_pth,elephant,8192,32,no,5,1.065529317
mandelbrot_pth,elephant,8192,32,no,6,1.065910071
mandelbrot_pth,elephant,8192,32,no,7,1.065712566
mandelbrot_pth,elephant,8192,32,no,8,1.066212983
mandelbrot_pth,elephant,8192,32,no,9,1.065193433
mandelbrot_pth,elephant,8192,32,no,10,1.065592568
mandelbrot_pth,triple_spiral,8192,1,no,1,40.293955969
mandelbrot_pth,triple_spiral,8192,1,no,2,40.291709378
mandelbrot_pth,triple_spiral,8192,1,no,3,40.295758815
mandelbrot_pth,triple_spiral,8192,1,no,4,40.294511816
mandelbrot_pth,triple_spiral,8192,1,no,5,40.291241997
mandelbrot_pth,triple_spiral,8192,1,no,6,40.292664825
mandelbrot_pth,triple_spiral,8192,1,no,7,40.295489693
mandelbrot_pth,triple_spiral,8192,1,no,8,40.291062967
mandelbrot_pth,triple_spiral,8192,1,no,9,40.290962763
mandelbrot_pth,triple_spiral,8192,1,no,10,40.295538322
mandelbrot_pth,triple_spiral,8192,2,no,1,20.171426137
mandelbrot_pth,triple_spiral,8192,2,no,2,20.160641685
mandelbrot_pth,triple_spiral,8192,2,no,3,20.182728577
mandelbrot_pth,triple_spiral,8192,2,no,4,20.177800500
mandelbrot_pth,triple_spiral,8192,2,no,5,20.173071473
mandelbrot_pth,triple_spiral,8192,2,no,6,20.170878877
mandelbrot_pth,triple_spiral,8192,2,no,7,20.171160539
mandelbrot_pth,triple_spiral,8192,2,no,8,20.187772265
mandelbrot_pth,triple_spiral,8192,2,no,9,20.179703165
mandelbrot_pth,triple_spiral,8192,2,no,10,20.169754866
mandelbrot_pth,triple_spiral,8192,4,no,1,10.091705672
mandelbrot_pth,triple_spiral,8192,4,no,2,10.092101956
mandelbrot_pth,triple_spiral,8192,4,no,3,10.089105491
mandelbrot_pth,triple_spiral,8192,4,no,4,10.088029177
mandelbrot_pth,triple_spiral,8192,4,no,5,10.089687827
mandelbrot_pth,triple_spiral,8192,4,no,6,10.093896087
mandelbrot_pth,triple_spiral,8192,4,no,7,10.094070909
mandelbrot_pth,triple_spiral,8192,4,no,8,10.096687359
mandelbrot_pth,triple_spiral,8192,4,no,9,10.099519896
mandelbrot_pth,triple_spiral,8192,4,no,10,10.099148916
mandelbrot_pth,triple_spiral,8192,8,no,1,5.237178914
mandelbrot_pth,triple_spiral,8192,8,no,2,5.069900800
mandelbrot_pth,triple_spiral,8192,8,no,3,5.068383084
mandelbrot_pth,triple_spiral,8192,8,no,4,5.068565549
mandelbrot_pth,triple_spiral,8192,8,no,5,5.070411159
mandelbrot_pth,triple_spiral,8192,8,no,6,5.098645122
mandelbrot_pth,triple_spiral,8192,8,no,7,5.071961881
mandelbrot_pth,triple_spiral,8192,8,no,8,5.064094443
mandelbrot_pth,triple_spiral,8192,8,no,9,5.074955455
mandelbrot_pth,triple_spiral,8192,8,no,10,5.068747950
mandelbrot_pth,triple_spiral,8192,16,no,1,2.549531579
mandelbrot_pth,triple_spiral,8192,16,no,2,2.553322973
mandelbrot_pth,triple_spiral,8192,16,no,3,2.550052254
mandelbrot_pth,triple_spiral,8192,16,no,4,2.552473122
mandelbrot_pth,triple_spiral,8192,16,no,5,2.556337697
mandelbrot_pth,triple_spiral,8192,16,no,6,2.552387310
mandelbrot_pth,triple_spiral,8192,16,no,7,2.550944715
mandelbrot_pth,triple_spiral,8192,16,no,8,2.553331062
mandelbrot_pth,triple_spiral,8192,16,no,9,2.551844897
mandelbrot_pth,triple_spiral,8192,16,no,10,2.551024861
mandelbrot_pth,triple_spiral,8192,32,no,1,1.288121647
mandelbrot_pth,triple_spiral,8192,32,no,2,1.286828586
mandelbrot_pth,triple_spiral,8192,32,no,3,1.288149579
mandelbrot_pth,triple_spiral,8192,32,no,4,1.288335699
mandelbrot_pth,triple_spiral,8192,32,no,5,1.286511690
mandelbrot_pth,triple_spiral,8192,32,no,6,1.285908419
mandelbrot_pth,triple_spiral,8192,32,no,7,1.285990356
mandelbrot_pth,triple_spiral,8192,32,no,8,1.285374585
mandelbrot_pth,triple_spiral,8192,32,no,9,1.285476332
mandelbrot_pth,triple_spiral,8192,32,no,10,1.285621030
mandelbrot_seq,full,16,1,yes,1,0.001089136
mandelbrot_seq,full,16,1,yes,2,0.001052497
mandelbrot_seq,full,16,1,yes,3,0.002412615
mandelbrot_seq,full,16,1,yes,4,0.002217854
mandelbrot_seq,full,16,1,yes,5,0.001375348
mandelbrot_seq,full,16,1,yes,6,0.001270968
mandelbrot_seq,full,16,1,yes,7,0.001215597
mandelbrot_seq,full,16,1,yes,8,0.001667640
mandelbrot_seq,full,16,1,yes,9,0.000945156
mandelbrot_seq,full,16,1,yes,10,0.001288708
mandelbrot_seq,full,16,1,no,1,0.000880655
mandelbrot_seq,full,16,1,no,2,0.000968986
mandelbrot_seq,full,16,1,no,3,0.001232817
mandelbrot_seq,full,16,1,no,4,0.000917796
mandelbrot_seq,full,16,1,no,5,0.000884676
mandelbrot_seq,full,16,1,no,6,0.000906326
mandelbrot_seq,full,16,1,no,7,0.001925733
mandelbrot_seq,full,16,1,no,8,0.000979026
mandelbrot_seq,full,16,1,no,9,0.001020276
mandelbrot_seq,full,16,1,no,10,0.001114797
mandelbrot_seq,seahorse,16,1,yes,1,0.001528810
mandelbrot_seq,seahorse,16,1,yes,2,0.001171867
mandelbrot_seq,seahorse,16,1,yes,3,0.001370128
mandelbrot_seq,seahorse,16,1,yes,4,0.001395099
mandelbrot_seq,seahorse,16,1,yes,5,0.001168827
mandelbrot_seq,seahorse,16,1,yes,6,0.001163348
mandelbrot_seq,seahorse,16,1,yes,7,0.001320968
mandelbrot_seq,seahorse,16,1,yes,8,0.001276638
mandelbrot_seq,seahorse,16,1,yes,9,0.001245398
mandelbrot_seq,seahorse,16,1,yes,10,0.001103497
mandelbrot_seq,seahorse,16,1,no,1,0.000974756
mandelbrot_seq,seahorse,16,1,no,2,0.001067797
mandelbrot_seq,seahorse,16,1,no,3,0.001300898
mandelbrot_seq,seahorse,16,1,no,4,0.001052167
mandelbrot_seq,seahorse,16,1,no,5,0.001069247
mandelbrot_seq,seahorse,16,1,no,6,0.001373398
mandelbrot_seq,seahorse,16,1,no,7,0.001029997
mandelbrot_seq,seahorse,16,1,no,8,0.001119387
mandelbrot_seq,seahorse,16,1,no,9,0.001126907
mandelbrot_seq,seahorse,16,1,no,10,0.001192668
mandelbrot_seq,elephant,16,1,yes,1,0.001142618
mandelbrot_seq,elephant,16,1,yes,2,0.001624080
mandelbrot_seq,elephant,16,1,yes,3,0.001622900
mandelbrot_seq,elephant,16,1,yes,4,0.001382389
mandelbrot_seq,elephant,16,1,yes,5,0.001312878
mandelbrot_seq,elephant,16,1,yes,6,0.001190497
mandelbrot_seq,elephant,16,1,yes,7,0.001540030
mandelbrot_seq,elephant,16,1,yes,8,0.002265954
mandelbrot_seq,elephant,16,1,yes,9,0.001110557
mandelbrot_seq,elephant,16,1,yes,10,0.001196567
mandelbrot_seq,elephant,16,1,no,1,0.001109737
mandelbrot_seq,elephant,16,1,no,2,0.001059587
mandelbrot_seq,elephant,16,1,no,3,0.001956242
mandelbrot_seq,elephant,16,1,no,4,0.001040147
mandelbrot_seq,elephant,16,1,no,5,0.001163647
mandelbrot_seq,elephant,16,1,no,6,0.001151877
mandelbrot_seq,elephant,16,1,no,7,0.001458359
mandelbrot_seq,elephant,16,1,no,8,0.001747911
mandelbrot_seq,elephant,16,1,no,9,0.001938592
mandelbrot_seq,elephant,16,1,no,10,0.001150258
mandelbrot_seq,triple_spiral,16,1,yes,1,0.001276728
mandelbrot_seq,triple_spiral,16,1,yes,2,0.001223908
mandelbrot_seq,triple_spiral,16,1,yes,3,0.001167717
mandelbrot_seq,triple_spiral,16,1,yes,4,0.001154168
mandelbrot_seq,triple_spiral,16,1,yes,5,0.001386339
mandelbrot_seq,triple_spiral,16,1,yes,6,0.001294008
mandelbrot_seq,triple_spiral,16,1,yes,7,0.001408349
mandelbrot_seq,triple_spiral,16,1,yes,8,0.001149497
mandelbrot_seq,triple_spiral,16,1,yes,9,0.001612860
mandelbrot_seq,triple_spiral,16,1,yes,10,0.001268978
mandelbrot_seq,triple_spiral,16,1,no,1,0.002012433
mandelbrot_seq,triple_spiral,16,1,no,2,0.001182597
mandelbrot_seq,triple_spiral,16,1,no,3,0.001119617
mandelbrot_seq,triple_spiral,16,1,no,4,0.001121287
mandelbrot_seq,triple_spiral,16,1,no,5,0.001188107
mandelbrot_seq,triple_spiral,16,1,no,6,0.001030857
mandelbrot_seq,triple_spiral,16,1,no,7,0.001115367
mandelbrot_seq,triple_spiral,16,1,no,8,0.001032077
mandelbrot_seq,triple_spiral,16,1,no,9,0.002018483
mandelbrot_seq,triple_spiral,16,1,no,10,0.001976292
mandelbrot_seq,full,32,1,yes,1,0.001762011
mandelbrot_seq,full,32,1,yes,2,0.002014143
mandelbrot_seq,full,32,1,yes,3,0.002112164
mandelbrot_seq,full,32,1,yes,4,0.001150267
mandelbrot_seq,full,32,1,yes,5,0.001607570
mandelbrot_seq,full,32,1,yes,6,0.001445459
mandelbrot_seq,full,32,1,yes,7,0.001396499
mandelbrot_seq,full,32,1,yes,8,0.001436959
mandelbrot_seq,full,32,1,yes,9,0.001538790
mandelbrot_seq,full,32,1,yes,10,0.001387039
mandelbrot_seq,full,32,1,no,1,0.000998446
mandelbrot_seq,full,32,1,no,2,0.001084187
mandelbrot_seq,full,32,1,no,3,0.001139018
mandelbrot_seq,full,32,1,no,4,0.001038577
mandelbrot_seq,full,32,1,no,5,0.000933556
mandelbrot_seq,full,32,1,no,6,0.000939526
mandelbrot_seq,full,32,1,no,7,0.001802672
mandelbrot_seq,full,32,1,no,8,0.000941746
mandelbrot_seq,full,32,1,no,9,0.001181387
mandelbrot_seq,full,32,1,no,10,0.001117127
mandelbrot_seq,seahorse,32,1,yes,1,0.001520130
mandelbrot_seq,seahorse,32,1,yes,2,0.001754141
mandelbrot_seq,seahorse,32,1,yes,3,0.001819421
mandelbrot_seq,seahorse,32,1,yes,4,0.001620770
mandelbrot_seq,seahorse,32,1,yes,5,0.002110014
mandelbrot_seq,seahorse,32,1,yes,6,0.001751101
mandelbrot_seq,seahorse,32,1,yes,7,0.001595000
mandelbrot_seq,seahorse,32,1,yes,8,0.002222934
mandelbrot_seq,seahorse,32,1,yes,9,0.001895742
mandelbrot_seq,seahorse,32,1,yes,10,0.001832081
mandelbrot_seq,seahorse,32,1,no,1,0.002874618
mandelbrot_seq,seahorse,32,1,no,2,0.001559530
mandelbrot_seq,seahorse,32,1,no,3,0.001808352
mandelbrot_seq,seahorse,32,1,no,4,0.002414845
mandelbrot_seq,seahorse,32,1,no,5,0.001586351
mandelbrot_seq,seahorse,32,1,no,6,0.001859841
mandelbrot_seq,seahorse,32,1,no,7,0.001465719
mandelbrot_seq,seahorse,32,1,no,8,0.001426569
mandelbrot_seq,seahorse,32,1,no,9,0.001431709
mandelbrot_seq,seahorse,32,1,no,10,0.001492789
mandelbrot_seq,elephant,32,1,yes,1,0.001521889
mandelbrot_seq,elephant,32,1,yes,2,0.001913172
mandelbrot_seq,elephant,32,1,yes,3,0.002821298
mandelbrot_seq,elephant,32,1,yes,4,0.001578940
mandelbrot_seq,elephant,32,1,yes,5,0.001979633
mandelbrot_seq,elephant,32,1,yes,6,0.001630540
mandelbrot_seq,elephant,32,1,yes,7,0.001709261
mandelbrot_seq,elephant,32,1,yes,8,0.001697281
mandelbrot_seq,elephant,32,1,yes,9,0.001796681
mandelbrot_seq,elephant,32,1,yes,10,0.001589730
mandelbrot_seq,elephant,32,1,no,1,0.001407419
mandelbrot_seq,elephant,32,1,no,2,0.001400129
mandelbrot_seq,elephant,32,1,no,3,0.002146114
mandelbrot_seq,elephant,32,1,no,4,0.001694541
mandelbrot_seq,elephant,32,1,no,5,0.001530660
mandelbrot_seq,elephant,32,1,no,6,0.001451340
mandelbrot_seq,elephant,32,1,no,7,0.001760461
mandelbrot_seq,elephant,32,1,no,8,0.001624620
mandelbrot_seq,elephant,32,1,no,9,0.001560840
mandelbrot_seq,elephant,32,1,no,10,0.001453779
mandelbrot_seq,triple_spiral,32,1,yes,1,0.001669200
mandelbrot_seq,triple_spiral,32,1,yes,2,0.001833481
mandelbrot_seq,triple_spiral,32,1,yes,3,0.001820932
mandelbrot_seq,triple_spiral,32,1,yes,4,0.001960433
mandelbrot_seq,triple_spiral,32,1,yes,5,0.002631816
mandelbrot_seq,triple_spiral,32,1,yes,6,0.001624800
mandelbrot_seq,triple_spiral,32,1,yes,7,0.001691171
mandelbrot_seq,triple_spiral,32,1,yes,8,0.001866422
mandelbrot_seq,triple_spiral,32,1,yes,9,0.001649300
mandelbrot_seq,triple_spiral,32,1,yes,10,0.001780441
mandelbrot_seq,triple_spiral,32,1,no,1,0.001535220
mandelbrot_seq,triple_spiral,32,1,no,2,0.001822302
mandelbrot_seq,triple_spiral,32,1,no,3,0.001911282
mandelbrot_seq,triple_spiral,32,1,no,4,0.001747271
mandelbrot_seq,triple_spiral,32,1,no,5,0.001527740
mandelbrot_seq,triple_spiral,32,1,no,6,0.001786811
mandelbrot_seq,triple_spiral,32,1,no,7,0.001882762
mandelbrot_seq,triple_spiral,32,1,no,8,0.001572580
mandelbrot_seq,triple_spiral,32,1,no,9,0.001524349
mandelbrot_seq,triple_spiral,32,1,no,10,0.001895922
mandelbrot_seq,full,64,1,yes,1,0.002129783
mandelbrot_seq,full,64,1,yes,2,0.001540850
mandelbrot_seq,full,64,1,yes,3,0.001499900
mandelbrot_seq,full,64,1,yes,4,0.001460779
mandelbrot_seq,full,64,1,yes,5,0.001428869
mandelbrot_seq,full,64,1,yes,6,0.001464500
mandelbrot_seq,full,64,1,yes,7,0.001770411
mandelbrot_seq,full,64,1,yes,8,0.001403709
mandelbrot_seq,full,64,1,yes,9,0.001408919
mandelbrot_seq,full,64,1,yes,10,0.001654460
mandelbrot_seq,full,64,1,no,1,0.001232638
mandelbrot_seq,full,64,1,no,2,0.001327098
mandelbrot_seq,full,64,1,no,3,0.001214258
mandelbrot_seq,full,64,1,no,4,0.001380359
mandelbrot_seq,full,64,1,no,5,0.001211097
mandelbrot_seq,full,64,1,no,6,0.001201758
mandelbrot_seq,full,64,1,no,7,0.001566630
mandelbrot_seq,full,64,1,no,8,0.001295588
mandelbrot_seq,full,64,1,no,9,0.001237018
mandelbrot_seq,full,64,1,no,10,0.001459659
mandelbrot_seq,seahorse,64,1,yes,1,0.003398611
mandelbrot_seq,seahorse,64,1,yes,2,0.003402651
mandelbrot_seq,seahorse,64,1,yes,3,0.003207671
mandelbrot_seq,seahorse,64,1,yes,4,0.003539422
mandelbrot_seq,seahorse,64,1,yes,5,0.003268911
mandelbrot_seq,seahorse,64,1,yes,6,0.003572273
mandelbrot_seq,seahorse,64,1,yes,7,0.003380202
mandelbrot_seq,seahorse,64,1,yes,8,0.003466002
mandelbrot_seq,seahorse,64,1,yes,9,0.004398268
mandelbrot_seq,seahorse,64,1,yes,10,0.004439508
mandelbrot_seq,seahorse,64,1,no,1,0.003295181
mandelbrot_seq,seahorse,64,1,no,2,0.003238241
mandelbrot_seq,seahorse,64,1,no,3,0.003184420
mandelbrot_seq,seahorse,64,1,no,4,0.003052409
mandelbrot_seq,seahorse,64,1,no,5,0.004259387
mandelbrot_seq,seahorse,64,1,no,6,0.003736973
mandelbrot_seq,seahorse,64,1,no,7,0.003283941
mandelbrot_seq,seahorse,64,1,no,8,0.003351611
mandelbrot_seq,seahorse,64,1,no,9,0.003296501
mandelbrot_seq,seahorse,64,1,no,10,0.003411092
mandelbrot_seq,elephant,64,1,yes,1,0.003126140
mandelbrot_seq,elephant,64,1,yes,2,0.003546703
mandelbrot_seq,elephant,64,1,yes,3,0.004078055
mandelbrot_seq,elephant,64,1,yes,4,0.003905235
mandelbrot_seq,elephant,64,1,yes,5,0.003974445
mandelbrot_seq,elephant,64,1,yes,6,0.003289640
mandelbrot_seq,elephant,64,1,yes,7,0.003831964
mandelbrot_seq,elephant,64,1,yes,8,0.003309921
mandelbrot_seq,elephant,64,1,yes,9,0.003084829
mandelbrot_seq,elephant,64,1,yes,10,0.003373251
mandelbrot_seq,elephant,64,1,no,1,0.003005339
mandelbrot_seq,elephant,64,1,no,2,0.003701153
mandelbrot_seq,elephant,64,1,no,3,0.003470632
mandelbrot_seq,elephant,64,1,no,4,0.003020729
mandelbrot_seq,elephant,64,1,no,5,0.003017429
mandelbrot_seq,elephant,64,1,no,6,0.003076759
mandelbrot_seq,elephant,64,1,no,7,0.004034535
mandelbrot_seq,elephant,64,1,no,8,0.003136320
mandelbrot_seq,elephant,64,1,no,9,0.003329361
mandelbrot_seq,elephant,64,1,no,10,0.003025749
mandelbrot_seq,triple_spiral,64,1,yes,1,0.003499423
mandelbrot_seq,triple_spiral,64,1,yes,2,0.003671584
mandelbrot_seq,triple_spiral,64,1,yes,3,0.003843314
mandelbrot_seq,triple_spiral,64,1,yes,4,0.003840744
mandelbrot_seq,triple_spiral,64,1,yes,5,0.003716404
mandelbrot_seq,triple_spiral,64,1,yes,6,0.004028646
mandelbrot_seq,triple_spiral,64,1,yes,7,0.003915875
mandelbrot_seq,triple_spiral,64,1,yes,8,0.003879214
mandelbrot_seq,triple_spiral,64,1,yes,9,0.003622423
mandelbrot_seq,triple_spiral,64,1,yes,10,0.003901085
mandelbrot_seq,triple_spiral,64,1,no,1,0.003541042
mandelbrot_seq,triple_spiral,64,1,no,2,0.003413561
mandelbrot_seq,triple_spiral,64,1,no,3,0.003561173
mandelbrot_seq,triple_spiral,64,1,no,4,0.004206416
mandelbrot_seq,triple_spiral,64,1,no,5,0.003501403
mandelbrot_seq,triple_spiral,64,1,no,6,0.003614413
mandelbrot_seq,triple_spiral,64,1,no,7,0.003763294
mandelbrot_seq,triple_spiral,64,1,no,8,0.003634333
mandelbrot_seq,triple_spiral,64,1,no,9,0.003763654
mandelbrot_seq,triple_spiral,64,1,no,10,0.003662564
mandelbrot_seq,full,128,1,yes,1,0.002263875
mandelbrot_seq,full,128,1,yes,2,0.002748688
mandelbrot_seq,full,128,1,yes,3,0.002773708
mandelbrot_seq,full,128,1,yes,4,0.003475452
mandelbrot_seq,full,128,1,yes,5,0.003104760
mandelbrot_seq,full,128,1,yes,6,0.002381505
mandelbrot_seq,full,128,1,yes,7,0.003070550
mandelbrot_seq,full,128,1,yes,8,0.002383215
mandelbrot_seq,full,128,1,yes,9,0.003032139
mandelbrot_seq,full,128,1,yes,10,0.002404345
mandelbrot_seq,full,128,1,no,1,0.002045273
mandelbrot_seq,full,128,1,no,2,0.002351885
mandelbrot_seq,full,128,1,no,3,0.002483015
mandelbrot_seq,full,128,1,no,4,0.002420315
mandelbrot_seq,full,128,1,no,5,0.002305275
mandelbrot_seq,full,128,1,no,6,0.002082343
mandelbrot_seq,full,128,1,no,7,0.002355415
mandelbrot_seq,full,128,1,no,8,0.002112284
mandelbrot_seq,full,128,1,no,9,0.002113233
mandelbrot_seq,full,128,1,no,10,0.002320805
mandelbrot_seq,seahorse,128,1,yes,1,0.010009384
mandelbrot_seq,seahorse,128,1,yes,2,0.010027174
mandelbrot_seq,seahorse,128,1,yes,3,0.010089494
mandelbrot_seq,seahorse,128,1,yes,4,0.009928263
mandelbrot_seq,seahorse,128,1,yes,5,0.009916493
mandelbrot_seq,seahorse,128,1,yes,6,0.009878643
mandelbrot_seq,seahorse,128,1,yes,7,0.010259946
mandelbrot_seq,seahorse,128,1,yes,8,0.010689448
mandelbrot_seq,seahorse,128,1,yes,9,0.011086310
mandelbrot_seq,seahorse,128,1,yes,10,0.009931603
mandelbrot_seq,seahorse,128,1,no,1,0.009952573
mandelbrot_seq,seahorse,128,1,no,2,0.010678488
mandelbrot_seq,seahorse,128,1,no,3,0.010885359
mandelbrot_seq,seahorse,128,1,no,4,0.010367896
mandelbrot_seq,seahorse,128,1,no,5,0.009944843
mandelbrot_seq,seahorse,128,1,no,6,0.009613972
mandelbrot_seq,seahorse,128,1,no,7,0.010252905
mandelbrot_seq,seahorse,128,1,no,8,0.010323715
mandelbrot_seq,seahorse,128,1,no,9,0.009590691
mandelbrot_seq,seahorse,128,1,no,10,0.009937223
mandelbrot_seq,elephant,128,1,yes,1,0.009646142
mandelbrot_seq,elephant,128,1,yes,2,0.009796463
mandelbrot_seq,elephant,128,1,yes,3,0.009748812
mandelbrot_seq,elephant,128,1,yes,4,0.010076214
mandelbrot_seq,elephant,128,1,yes,5,0.009890853
mandelbrot_seq,elephant,128,1,yes,6,0.009451270
mandelbrot_seq,elephant,128,1,yes,7,0.010778788
mandelbrot_seq,elephant,128,1,yes,8,0.010227425
mandelbrot_seq,elephant,128,1,yes,9,0.009693282
mandelbrot_seq,elephant,128,1,yes,10,0.010638248
mandelbrot_seq,elephant,128,1,no,1,0.009088468
mandelbrot_seq,elephant,128,1,no,2,0.009769863
mandelbrot_seq,elephant,128,1,no,3,0.009493550
mandelbrot_seq,elephant,128,1,no,4,0.009470100
mandelbrot_seq,elephant,128,1,no,5,0.009756382
mandelbrot_seq,elephant,128,1,no,6,0.009506861
mandelbrot_seq,elephant,128,1,no,7,0.009653002
mandelbrot_seq,elephant,128,1,no,8,0.010288645
mandelbrot_seq,elephant,128,1,no,9,0.009443791
mandelbrot_seq,elephant,128,1,no,10,0.009512561
mandelbrot_seq,triple_spiral,128,1,yes,1,0.011023520
mandelbrot_seq,triple_spiral,128,1,yes,2,0.011870256
mandelbrot_seq,triple_spiral,128,1,yes,3,0.011500673
mandelbrot_seq,triple_spiral,128,1,yes,4,0.011457242
mandelbrot_seq,triple_spiral,128,1,yes,5,0.011518614
mandelbrot_seq,triple_spiral,128,1,yes,6,0.011462253
mandelbrot_seq,triple_spiral,128,1,yes,7,0.011903136
mandelbrot_seq,triple_spiral,128,1,yes,8,0.011807975
mandelbrot_seq,triple_spiral,128,1,yes,9,0.011467193
mandelbrot_seq,triple_spiral,128,1,yes,10,0.011090970
mandelbrot_seq,triple_spiral,128,1,no,1,0.011551544
mandelbrot_seq,triple_spiral,128,1,no,2,0.011229172
mandelbrot_seq,triple_spiral,128,1,no,3,0.010866109
mandelbrot_seq,triple_spiral,128,1,no,4,0.011171311
mandelbrot_seq,triple_spiral,128,1,no,5,0.011589134
mandelbrot_seq,triple_spiral,128,1,no,6,0.010802009
mandelbrot_seq,triple_spiral,128,1,no,7,0.011168311
mandelbrot_seq,triple_spiral,128,1,no,8,0.011633504
mandelbrot_seq,triple_spiral,128,1,no,9,0.012212158
mandelbrot_seq,triple_spiral,128,1,no,10,0.011251682
mandelbrot_seq,full,256,1,yes,1,0.007578549
mandelbrot_seq,full,256,1,yes,2,0.007649649
mandelbrot_seq,full,256,1,yes,3,0.006829513
mandelbrot_seq,full,256,1,yes,4,0.006805533
mandelbrot_seq,full,256,1,yes,5,0.006715443
mandelbrot_seq,full,256,1,yes,6,0.007247726
mandelbrot_seq,full,256,1,yes,7,0.006721303
mandelbrot_seq,full,256,1,yes,8,0.006248390
mandelbrot_seq,full,256,1,yes,9,0.006309110
mandelbrot_seq,full,256,1,yes,10,0.007184306
mandelbrot_seq,full,256,1,no,1,0.005891027
mandelbrot_seq,full,256,1,no,2,0.005530375
mandelbrot_seq,full,256,1,no,3,0.006339791
mandelbrot_seq,full,256,1,no,4,0.005784117
mandelbrot_seq,full,256,1,no,5,0.005680046
mandelbrot_seq,full,256,1,no,6,0.005933807
mandelbrot_seq,full,256,1,no,7,0.006340280
mandelbrot_seq,full,256,1,no,8,0.005579496
mandelbrot_seq,full,256,1,no,9,0.005752407
mandelbrot_seq,full,256,1,no,10,0.006250480
mandelbrot_seq,seahorse,256,1,yes,1,0.036505062
mandelbrot_seq,seahorse,256,1,yes,2,0.036594223
mandelbrot_seq,seahorse,256,1,yes,3,0.036683084
mandelbrot_seq,seahorse,256,1,yes,4,0.037794141
mandelbrot_seq,seahorse,256,1,yes,5,0.037123147
mandelbrot_seq,seahorse,256,1,yes,6,0.036889535
mandelbrot_seq,seahorse,256,1,yes,7,0.037080057
mandelbrot_seq,seahorse,256,1,yes,8,0.036419812
mandelbrot_seq,seahorse,256,1,yes,9,0.036766694
mandelbrot_seq,seahorse,256,1,yes,10,0.037232027
mandelbrot_seq,seahorse,256,1,no,1,0.036445593
mandelbrot_seq,seahorse,256,1,no,2,0.035700988
mandelbrot_seq,seahorse,256,1,no,3,0.035955999
mandelbrot_seq,seahorse,256,1,no,4,0.036019179
mandelbrot_seq,seahorse,256,1,no,5,0.036035240
mandelbrot_seq,seahorse,256,1,no,6,0.035703778
mandelbrot_seq,seahorse,256,1,no,7,0.036486662
mandelbrot_seq,seahorse,256,1,no,8,0.036812004
mandelbrot_seq,seahorse,256,1,no,9,0.036016250
mandelbrot_seq,seahorse,256,1,no,10,0.035771698
mandelbrot_seq,elephant,256,1,yes,1,0.034790362
mandelbrot_seq,elephant,256,1,yes,2,0.035036604
mandelbrot_seq,elephant,256,1,yes,3,0.034727202
mandelbrot_seq,elephant,256,1,yes,4,0.034689201
mandelbrot_seq,elephant,256,1,yes,5,0.035703628
mandelbrot_seq,elephant,256,1,yes,6,0.035017413
mandelbrot_seq,elephant,256,1,yes,7,0.034812692
mandelbrot_seq,elephant,256,1,yes,8,0.034701251
mandelbrot_seq,elephant,256,1,yes,9,0.034429500
mandelbrot_seq,elephant,256,1,yes,10,0.034756201
mandelbrot_seq,elephant,256,1,no,1,0.033969997
mandelbrot_seq,elephant,256,1,no,2,0.034324559
mandelbrot_seq,elephant,256,1,no,3,0.033826105
mandelbrot_seq,elephant,256,1,no,4,0.034438420
mandelbrot_seq,elephant,256,1,no,5,0.033943667
mandelbrot_seq,elephant,256,1,no,6,0.034016777
mandelbrot_seq,elephant,256,1,no,7,0.034832992
mandelbrot_seq,elephant,256,1,no,8,0.034015076
mandelbrot_seq,elephant,256,1,no,9,0.034232849
mandelbrot_seq,elephant,256,1,no,10,0.033804656
mandelbrot_seq,triple_spiral,256,1,yes,1,0.041617236
mandelbrot_seq,triple_spiral,256,1,yes,2,0.041905057
mandelbrot_seq,triple_spiral,256,1,yes,3,0.041337084
mandelbrot_seq,triple_spiral,256,1,yes,4,0.042041398
mandelbrot_seq,triple_spiral,256,1,yes,5,0.041664496
mandelbrot_seq,triple_spiral,256,1,yes,6,0.041444944
mandelbrot_seq,triple_spiral,256,1,yes,7,0.041650056
mandelbrot_seq,triple_spiral,256,1,yes,8,0.041312434
mandelbrot_seq,triple_spiral,256,1,yes,9,0.041644106
mandelbrot_seq,triple_spiral,256,1,yes,10,0.041488705
mandelbrot_seq,triple_spiral,256,1,no,1,0.040967211
mandelbrot_seq,triple_spiral,256,1,no,2,0.041102252
mandelbrot_seq,triple_spiral,256,1,no,3,0.041604656
mandelbrot_seq,triple_spiral,256,1,no,4,0.040650969
mandelbrot_seq,triple_spiral,256,1,no,5,0.040943491
mandelbrot_seq,triple_spiral,256,1,no,6,0.040678880
mandelbrot_seq,triple_spiral,256,1,no,7,0.041089922
mandelbrot_seq,triple_spiral,256,1,no,8,0.040997612
mandelbrot_seq,triple_spiral,256,1,no,9,0.041563705
mandelbrot_seq,triple_spiral,256,1,no,10,0.040587019
mandelbrot_seq,full,512,1,yes,1,0.022124251
mandelbrot_seq,full,512,1,yes,2,0.022365633
mandelbrot_seq,full,512,1,yes,3,0.022278552
mandelbrot_seq,full,512,1,yes,4,0.022682434
mandelbrot_seq,full,512,1,yes,5,0.022179471
mandelbrot_seq,full,512,1,yes,6,0.022450804
mandelbrot_seq,full,512,1,yes,7,0.022260053
mandelbrot_seq,full,512,1,yes,8,0.022244612
mandelbrot_seq,full,512,1,yes,9,0.022287612
mandelbrot_seq,full,512,1,yes,10,0.021858399
mandelbrot_seq,full,512,1,no,1,0.019774786
mandelbrot_seq,full,512,1,no,2,0.019518755
mandelbrot_seq,full,512,1,no,3,0.020039008
mandelbrot_seq,full,512,1,no,4,0.019836357
mandelbrot_seq,full,512,1,no,5,0.020204549
mandelbrot_seq,full,512,1,no,6,0.020460380
mandelbrot_seq,full,512,1,no,7,0.019837227
mandelbrot_seq,full,512,1,no,8,0.019531624
mandelbrot_seq,full,512,1,no,9,0.019819637
mandelbrot_seq,full,512,1,no,10,0.019824557
mandelbrot_seq,seahorse,512,1,yes,1,0.142312760
mandelbrot_seq,seahorse,512,1,yes,2,0.141894296
mandelbrot_seq,seahorse,512,1,yes,3,0.141864756
mandelbrot_seq,seahorse,512,1,yes,4,0.142261479
mandelbrot_seq,seahorse,512,1,yes,5,0.141822707
mandelbrot_seq,seahorse,512,1,yes,6,0.142481481
mandelbrot_seq,seahorse,512,1,yes,7,0.141914998
mandelbrot_seq,seahorse,512,1,yes,8,0.142343210
mandelbrot_seq,seahorse,512,1,yes,9,0.142188809
mandelbrot_seq,seahorse,512,1,yes,10,0.142128219
mandelbrot_seq,seahorse,512,1,no,1,0.140069006
mandelbrot_seq,seahorse,512,1,no,2,0.139838135
mandelbrot_seq,seahorse,512,1,no,3,0.140172767
mandelbrot_seq,seahorse,512,1,no,4,0.140188628
mandelbrot_seq,seahorse,512,1,no,5,0.139655194
mandelbrot_seq,seahorse,512,1,no,6,0.140332389
mandelbrot_seq,seahorse,512,1,no,7,0.139679854
mandelbrot_seq,seahorse,512,1,no,8,0.139638325
mandelbrot_seq,seahorse,512,1,no,9,0.140174557
mandelbrot_seq,seahorse,512,1,no,10,0.139798675
mandelbrot_seq,elephant,512,1,yes,1,0.133829457
mandelbrot_seq,elephant,512,1,yes,2,0.134199050
mandelbrot_seq,elephant,512,1,yes,3,0.134420001
mandelbrot_seq,elephant,512,1,yes,4,0.134048129
mandelbrot_seq,elephant,512,1,yes,5,0.133680517
mandelbrot_seq,elephant,512,1,yes,6,0.134148340
mandelbrot_seq,elephant,512,1,yes,7,0.133715577
mandelbrot_seq,elephant,512,1,yes,8,0.134533852
mandelbrot_seq,elephant,512,1,yes,9,0.134454232
mandelbrot_seq,elephant,512,1,yes,10,0.134370652
mandelbrot_seq,elephant,512,1,no,1,0.132166048
mandelbrot_seq,elephant,512,1,no,2,0.131942537
mandelbrot_seq,elephant,512,1,no,3,0.132096268
mandelbrot_seq,elephant,512,1,no,4,0.132316049
mandelbrot_seq,elephant,512,1,no,5,0.133053104
mandelbrot_seq,elephant,512,1,no,6,0.131708686
mandelbrot_seq,elephant,512,1,no,7,0.132197658
mandelbrot_seq,elephant,512,1,no,8,0.131657105
mandelbrot_seq,elephant,512,1,no,9,0.132640132
mandelbrot_seq,elephant,512,1,no,10,0.132124668
mandelbrot_seq,triple_spiral,512,1,yes,1,0.160772312
mandelbrot_seq,triple_spiral,512,1,yes,2,0.161716149
mandelbrot_seq,triple_spiral,512,1,yes,3,0.161412827
mandelbrot_seq,triple_spiral,512,1,yes,4,0.161841540
mandelbrot_seq,triple_spiral,512,1,yes,5,0.161513548
mandelbrot_seq,triple_spiral,512,1,yes,6,0.161534149
mandelbrot_seq,triple_spiral,512,1,yes,7,0.161601408
mandelbrot_seq,triple_spiral,512,1,yes,8,0.161205596
mandelbrot_seq,triple_spiral,512,1,yes,9,0.162065132
mandelbrot_seq,triple_spiral,512,1,yes,10,0.161701750
mandelbrot_seq,triple_spiral,512,1,no,1,0.159160334
mandelbrot_seq,triple_spiral,512,1,no,2,0.159068324
mandelbrot_seq,triple_spiral,512,1,no,3,0.159398146
mandelbrot_seq,triple_spiral,512,1,no,4,0.159686097
mandelbrot_seq,triple_spiral,512,1,no,5,0.159027094
mandelbrot_seq,triple_spiral,512,1,no,6,0.160208691
mandelbrot_seq,triple_spiral,512,1,no,7,0.159662708
mandelbrot_seq,triple_spiral,512,1,no,8,0.159603248
mandelbrot_seq,triple_spiral,512,1,no,9,0.159705979
mandelbrot_seq,triple_spiral,512,1,no,10,0.159159065
mandelbrot_seq,full,1024,1,yes,1,0.082998704
mandelbrot_seq,full,1024,1,yes,2,0.084640756
mandelbrot_seq,full,1024,1,yes,3,0.084625925
mandelbrot_seq,full,1024,1,yes,4,0.084444784
mandelbrot_seq,full,1024,1,yes,5,0.083701329
mandelbrot_seq,full,1024,1,yes,6,0.083915111
mandelbrot_seq,full,1024,1,yes,7,0.084408114
mandelbrot_seq,full,1024,1,yes,8,0.084152072
mandelbrot_seq,full,1024,1,yes,9,0.084454184
mandelbrot_seq,full,1024,1,yes,10,0.083949562
mandelbrot_seq,full,1024,1,no,1,0.075349606
mandelbrot_seq,full,1024,1,no,2,0.074742781
mandelbrot_seq,full,1024,1,no,3,0.075212334
mandelbrot_seq,full,1024,1,no,4,0.074797782
mandelbrot_seq,full,1024,1,no,5,0.074927344
mandelbrot_seq,full,1024,1,no,6,0.074836933
mandelbrot_seq,full,1024,1,no,7,0.074996053
mandelbrot_seq,full,1024,1,no,8,0.074727222
mandelbrot_seq,full,1024,1,no,9,0.075222366
mandelbrot_seq,full,1024,1,no,10,0.075281506
mandelbrot_seq,seahorse,1024,1,yes,1,0.560226504
mandelbrot_seq,seahorse,1024,1,yes,2,0.562795534
mandelbrot_seq,seahorse,1024,1,yes,3,0.561887049
mandelbrot_seq,seahorse,1024,1,yes,4,0.562011152
mandelbrot_seq,seahorse,1024,1,yes,5,0.562218495
mandelbrot_seq,seahorse,1024,1,yes,6,0.561412441
mandelbrot_seq,seahorse,1024,1,yes,7,0.562075308
mandelbrot_seq,seahorse,1024,1,yes,8,0.561742937
mandelbrot_seq,seahorse,1024,1,yes,9,0.562194183
mandelbrot_seq,seahorse,1024,1,yes,10,0.561540930
mandelbrot_seq,seahorse,1024,1,no,1,0.554137544
mandelbrot_seq,seahorse,1024,1,no,2,0.554311376
mandelbrot_seq,seahorse,1024,1,no,3,0.554187627
mandelbrot_seq,seahorse,1024,1,no,4,0.554340720
mandelbrot_seq,seahorse,1024,1,no,5,0.553793147
mandelbrot_seq,seahorse,1024,1,no,6,0.554399934
mandelbrot_seq,seahorse,1024,1,no,7,0.553716401
mandelbrot_seq,seahorse,1024,1,no,8,0.554717479
mandelbrot_seq,seahorse,1024,1,no,9,0.554320188
mandelbrot_seq,seahorse,1024,1,no,10,0.555472777
mandelbrot_seq,elephant,1024,1,yes,1,0.528512394
mandelbrot_seq,elephant,1024,1,yes,2,0.530520297
mandelbrot_seq,elephant,1024,1,yes,3,0.530614301
mandelbrot_seq,elephant,1024,1,yes,4,0.530492300
mandelbrot_seq,elephant,1024,1,yes,5,0.530528844
mandelbrot_seq,elephant,1024,1,yes,6,0.530236682
mandelbrot_seq,elephant,1024,1,yes,7,0.530006063
mandelbrot_seq,elephant,1024,1,yes,8,0.529622551
mandelbrot_seq,elephant,1024,1,yes,9,0.529970056
mandelbrot_seq,elephant,1024,1,yes,10,0.530483470
mandelbrot_seq,elephant,1024,1,no,1,0.522081418
mandelbrot_seq,elephant,1024,1,no,2,0.522882184
mandelbrot_seq,elephant,1024,1,no,3,0.521745797
mandelbrot_seq,elephant,1024,1,no,4,0.522657676
mandelbrot_seq,elephant,1024,1,no,5,0.521866861
mandelbrot_seq,elephant,1024,1,no,6,0.522117775
mandelbrot_seq,elephant,1024,1,no,7,0.523004461
mandelbrot_seq,elephant,1024,1,no,8,0.522900783
mandelbrot_seq,elephant,1024,1,no,9,0.522046178
mandelbrot_seq,elephant,1024,1,no,10,0.522549364
mandelbrot_seq,triple_spiral,1024,1,yes,1,0.638161945
mandelbrot_seq,triple_spiral,1024,1,yes,2,0.639344435
mandelbrot_seq,triple_spiral,1024,1,yes,3,0.640116133
mandelbrot_seq,triple_spiral,1024,1,yes,4,0.640147345
mandelbrot_seq,triple_spiral,1024,1,yes,5,0.639570994
mandelbrot_seq,triple_spiral,1024,1,yes,6,0.639214104
mandelbrot_seq,triple_spiral,1024,1,yes,7,0.639998371
mandelbrot_seq,triple_spiral,1024,1,yes,8,0.640015044
mandelbrot_seq,triple_spiral,1024,1,yes,9,0.639315691
mandelbrot_seq,triple_spiral,1024,1,yes,10,0.639625934
mandelbrot_seq,triple_spiral,1024,1,no,1,0.632867253
mandelbrot_seq,triple_spiral,1024,1,no,2,0.632136990
mandelbrot_seq,triple_spiral,1024,1,no,3,0.632637895
mandelbrot_seq,triple_spiral,1024,1,no,4,0.632404916
mandelbrot_seq,triple_spiral,1024,1,no,5,0.631584323
mandelbrot_seq,triple_spiral,1024,1,no,6,0.632706992
mandelbrot_seq,triple_spiral,1024,1,no,7,0.632067461
mandelbrot_seq,triple_spiral,1024,1,no,8,0.631788071
mandelbrot_seq,triple_spiral,1024,1,no,9,0.632859820
mandelbrot_seq,triple_spiral,1024,1,no,10,0.632651111
mandelbrot_seq,full,2048,1,yes,1,0.323388688
mandelbrot_seq,full,2048,1,yes,2,0.329968602
mandelbrot_seq,full,2048,1,yes,3,0.329959273
mandelbrot_seq,full,2048,1,yes,4,0.330073394
mandelbrot_seq,full,2048,1,yes,5,0.330014384
mandelbrot_seq,full,2048,1,yes,6,0.330320807
mandelbrot_seq,full,2048,1,yes,7,0.329710383
mandelbrot_seq,full,2048,1,yes,8,0.330004386
mandelbrot_seq,full,2048,1,yes,9,0.329907417
mandelbrot_seq,full,2048,1,yes,10,0.329981217
mandelbrot_seq,full,2048,1,no,1,0.294277560
mandelbrot_seq,full,2048,1,no,2,0.294013579
mandelbrot_seq,full,2048,1,no,3,0.293747217
mandelbrot_seq,full,2048,1,no,4,0.293685167
mandelbrot_seq,full,2048,1,no,5,0.294314403
mandelbrot_seq,full,2048,1,no,6,0.294514833
mandelbrot_seq,full,2048,1,no,7,0.294533554
mandelbrot_seq,full,2048,1,no,8,0.294355145
mandelbrot_seq,full,2048,1,no,9,0.293914841
mandelbrot_seq,full,2048,1,no,10,0.293685469
mandelbrot_seq,seahorse,2048,1,yes,1,2.233382570
mandelbrot_seq,seahorse,2048,1,yes,2,2.241050859
mandelbrot_seq,seahorse,2048,1,yes,3,2.238836409
mandelbrot_seq,seahorse,2048,1,yes,4,2.245652651
mandelbrot_seq,seahorse,2048,1,yes,5,2.240355670
mandelbrot_seq,seahorse,2048,1,yes,6,2.239069868
mandelbrot_seq,seahorse,2048,1,yes,7,2.240099280
mandelbrot_seq,seahorse,2048,1,yes,8,2.240104836
mandelbrot_seq,seahorse,2048,1,yes,9,2.240115661
mandelbrot_seq,seahorse,2048,1,yes,10,2.238926598
mandelbrot_seq,seahorse,2048,1,no,1,2.224852147
mandelbrot_seq,seahorse,2048,1,no,2,2.209098914
mandelbrot_seq,seahorse,2048,1,no,3,2.212115950
mandelbrot_seq,seahorse,2048,1,no,4,2.213130431
mandelbrot_seq,seahorse,2048,1,no,5,2.210736368
mandelbrot_seq,seahorse,2048,1,no,6,2.212196792
mandelbrot_seq,seahorse,2048,1,no,7,2.209288086
mandelbrot_seq,seahorse,2048,1,no,8,2.210242366
mandelbrot_seq,seahorse,2048,1,no,9,2.212954779
mandelbrot_seq,seahorse,2048,1,no,10,2.210110623
mandelbrot_seq,elephant,2048,1,yes,1,2.106996073
mandelbrot_seq,elephant,2048,1,yes,2,2.114036443
mandelbrot_seq,elephant,2048,1,yes,3,2.112576904
mandelbrot_seq,elephant,2048,1,yes,4,2.113299411
mandelbrot_seq,elephant,2048,1,yes,5,2.112039483
mandelbrot_seq,elephant,2048,1,yes,6,2.113717235
mandelbrot_seq,elephant,2048,1,yes,7,2.112749049
mandelbrot_seq,elephant,2048,1,yes,8,2.111988255
mandelbrot_seq,elephant,2048,1,yes,9,2.112457039
mandelbrot_seq,elephant,2048,1,yes,10,2.111623663
mandelbrot_seq,elephant,2048,1,no,1,2.082988904
mandelbrot_seq,elephant,2048,1,no,2,2.082386888
mandelbrot_seq,elephant,2048,1,no,3,2.082790362
mandelbrot_seq,elephant,2048,1,no,4,2.081947636
mandelbrot_seq,elephant,2048,1,no,5,2.083109483
mandelbrot_seq,elephant,2048,1,no,6,2.084028959
mandelbrot_seq,elephant,2048,1,no,7,2.083315033
mandelbrot_seq,elephant,2048,1,no,8,2.082733689
mandelbrot_seq,elephant,2048,1,no,9,2.082424305
mandelbrot_seq,elephant,2048,1,no,10,2.082483915
mandelbrot_seq,triple_spiral,2048,1,yes,1,2.547687507
mandelbrot_seq,triple_spiral,2048,1,yes,2,2.554747657
mandelbrot_seq,triple_spiral,2048,1,yes,3,2.553001003
mandelbrot_seq,triple_spiral,2048,1,yes,4,2.553883537
mandelbrot_seq,triple_spiral,2048,1,yes,5,2.554664761
mandelbrot_seq,triple_spiral,2048,1,yes,6,2.552414633
mandelbrot_seq,triple_spiral,2048,1,yes,7,2.553633569
mandelbrot_seq,triple_spiral,2048,1,yes,8,2.554718585
mandelbrot_seq,triple_spiral,2048,1,yes,9,2.553118831
mandelbrot_seq,triple_spiral,2048,1,yes,10,2.554308647
mandelbrot_seq,triple_spiral,2048,1,no,1,2.522598305
mandelbrot_seq,triple_spiral,2048,1,no,2,2.522434272
mandelbrot_seq,triple_spiral,2048,1,no,3,2.522801830
mandelbrot_seq,triple_spiral,2048,1,no,4,2.522157902
mandelbrot_seq,triple_spiral,2048,1,no,5,2.522696941
mandelbrot_seq,triple_spiral,2048,1,no,6,2.522536227
mandelbrot_seq,triple_spiral,2048,1,no,7,2.522070149
mandelbrot_seq,triple_spiral,2048,1,no,8,2.522570368
mandelbrot_seq,triple_spiral,2048,1,no,9,2.522419213
mandelbrot_seq,triple_spiral,2048,1,no,10,2.522230267
mandelbrot_seq,full,4096,1,yes,1,1.285383880
mandelbrot_seq,full,4096,1,yes,2,1.315129975
mandelbrot_seq,full,4096,1,yes,3,1.311784427
mandelbrot_seq,full,4096,1,yes,4,1.311992434
mandelbrot_seq,full,4096,1,yes,5,1.312828009
mandelbrot_seq,full,4096,1,yes,6,1.311095083
mandelbrot_seq,full,4096,1,yes,7,1.310778347
mandelbrot_seq,full,4096,1,yes,8,1.312083783
mandelbrot_seq,full,4096,1,yes,9,1.311745367
mandelbrot_seq,full,4096,1,yes,10,1.313053704
mandelbrot_seq,full,4096,1,no,1,1.168113624
mandelbrot_seq,full,4096,1,no,2,1.167316844
mandelbrot_seq,full,4096,1,no,3,1.168000454
mandelbrot_seq,full,4096,1,no,4,1.173065566
mandelbrot_seq,full,4096,1,no,5,1.167965324
mandelbrot_seq,full,4096,1,no,6,1.170268725
mandelbrot_seq,full,4096,1,no,7,1.167312260
mandelbrot_seq,full,4096,1,no,8,1.167455255
mandelbrot_seq,full,4096,1,no,9,1.168053685
mandelbrot_seq,full,4096,1,no,10,1.174098886
mandelbrot_seq,seahorse,4096,1,yes,1,8.926375512
mandelbrot_seq,seahorse,4096,1,yes,2,8.951812919
mandelbrot_seq,seahorse,4096,1,yes,3,8.950624573
mandelbrot_seq,seahorse,4096,1,yes,4,8.952008281
mandelbrot_seq,seahorse,4096,1,yes,5,8.952061215
mandelbrot_seq,seahorse,4096,1,yes,6,8.952922159
mandelbrot_seq,seahorse,4096,1,yes,7,8.953149144
mandelbrot_seq,seahorse,4096,1,yes,8,8.953211252
mandelbrot_seq,seahorse,4096,1,yes,9,8.953187906
mandelbrot_seq,seahorse,4096,1,yes,10,8.951548382
mandelbrot_seq,seahorse,4096,1,no,1,8.842689885
mandelbrot_seq,seahorse,4096,1,no,2,8.837975002
mandelbrot_seq,seahorse,4096,1,no,3,8.831768914
mandelbrot_seq,seahorse,4096,1,no,4,8.836743978
mandelbrot_seq,seahorse,4096,1,no,5,8.834842925
mandelbrot_seq,seahorse,4096,1,no,6,8.843013956
mandelbrot_seq,seahorse,4096,1,no,7,8.842002942
mandelbrot_seq,seahorse,4096,1,no,8,8.843032280
mandelbrot_seq,seahorse,4096,1,no,9,8.844135585
mandelbrot_seq,seahorse,4096,1,no,10,8.830311578
mandelbrot_seq,elephant,4096,1,yes,1,8.416614820
mandelbrot_seq,elephant,4096,1,yes,2,8.443029938
mandelbrot_seq,elephant,4096,1,yes,3,8.442213916
mandelbrot_seq,elephant,4096,1,yes,4,8.443231466
mandelbrot_seq,elephant,4096,1,yes,5,8.443554496
mandelbrot_seq,elephant,4096,1,yes,6,8.441282814
mandelbrot_seq,elephant,4096,1,yes,7,8.441421136
mandelbrot_seq,elephant,4096,1,yes,8,8.444483012
mandelbrot_seq,elephant,4096,1,yes,9,8.445965980
mandelbrot_seq,elephant,4096,1,yes,10,8.446720821
mandelbrot_seq,elephant,4096,1,no,1,8.319935374
mandelbrot_seq,elephant,4096,1,no,2,8.321245158
mandelbrot_seq,elephant,4096,1,no,3,8.320074661
mandelbrot_seq,elephant,4096,1,no,4,8.321681784
mandelbrot_seq,elephant,4096,1,no,5,8.330937517
mandelbrot_seq,elephant,4096,1,no,6,8.330121635
mandelbrot_seq,elephant,4096,1,no,7,8.329464002
mandelbrot_seq,elephant,4096,1,no,8,8.334138531
mandelbrot_seq,elephant,4096,1,no,9,8.365176488
mandelbrot_seq,elephant,4096,1,no,10,8.331050270
mandelbrot_seq,triple_spiral,4096,1,yes,1,10.177671656
mandelbrot_seq,triple_spiral,4096,1,yes,2,10.210837020
mandelbrot_seq,triple_spiral,4096,1,yes,3,10.211095344
mandelbrot_seq,triple_spiral,4096,1,yes,4,10.209926154
mandelbrot_seq,triple_spiral,4096,1,yes,5,10.226540609
mandelbrot_seq,triple_spiral,4096,1,yes,6,10.225259920
mandelbrot_seq,triple_spiral,4096,1,yes,7,10.224669963
mandelbrot_seq,triple_spiral,4096,1,yes,8,10.218255554
mandelbrot_seq,triple_spiral,4096,1,yes,9,10.213664616
mandelbrot_seq,triple_spiral,4096,1,yes,10,10.215790583
mandelbrot_seq,triple_spiral,4096,1,no,1,10.090586387
mandelbrot_seq,triple_spiral,4096,1,no,2,10.086871953
mandelbrot_seq,triple_spiral,4096,1,no,3,10.089145116
mandelbrot_seq,triple_spiral,4096,1,no,4,10.081705463
mandelbrot_seq,triple_spiral,4096,1,no,5,10.089359797
mandelbrot_seq,triple_spiral,4096,1,no,6,10.099013876
mandelbrot_seq,triple_spiral,4096,1,no,7,10.086347109
mandelbrot_seq,triple_spiral,4096,1,no,8,10.091484743
mandelbrot_seq,triple_spiral,4096,1,no,9,10.099750871
mandelbrot_seq,triple_spiral,4096,1,no,10,10.087598781
mandelbrot_seq,full,8192,1,yes,1,5.126199185
mandelbrot_seq,full,8192,1,yes,2,5.219470739
mandelbrot_seq,full,8192,1,yes,3,5.244874234
mandelbrot_seq,full,8192,1,yes,4,5.245857077
mandelbrot_seq,full,8192,1,yes,5,5.241576674
mandelbrot_seq,full,8192,1,yes,6,5.243548255
mandelbrot_seq,full,8192,1,yes,7,5.240085158
mandelbrot_seq,full,8192,1,yes,8,5.242683024
mandelbrot_seq,full,8192,1,yes,9,5.239799302
mandelbrot_seq,full,8192,1,yes,10,5.245746607
mandelbrot_seq,full,8192,1,no,1,4.670632930
mandelbrot_seq,full,8192,1,no,2,4.673217899
mandelbrot_seq,full,8192,1,no,3,4.655767361
mandelbrot_seq,full,8192,1,no,4,4.655667684
mandelbrot_seq,full,8192,1,no,5,4.674526554
mandelbrot_seq,full,8192,1,no,6,4.674971822
mandelbrot_seq,full,8192,1,no,7,4.655689167
mandelbrot_seq,full,8192,1,no,8,4.655944113
mandelbrot_seq,full,8192,1,no,9,4.654979548
mandelbrot_seq,full,8192,1,no,10,4.655867999
mandelbrot_seq,seahorse,8192,1,yes,1,35.688811676
mandelbrot_seq,seahorse,8192,1,yes,2,35.801426759
mandelbrot_seq,seahorse,8192,1,yes,3,35.804636915
mandelbrot_seq,seahorse,8192,1,yes,4,35.808749519
mandelbrot_seq,seahorse,8192,1,yes,5,35.837058180
mandelbrot_seq,seahorse,8192,1,yes,6,35.839154594
mandelbrot_seq,seahorse,8192,1,yes,7,35.873354039
mandelbrot_seq,seahorse,8192,1,yes,8,35.876966415
mandelbrot_seq,seahorse,8192,1,yes,9,35.813866188
mandelbrot_seq,seahorse,8192,1,yes,10,35.879894309
mandelbrot_seq,seahorse,8192,1,no,1,35.523372545
mandelbrot_seq,seahorse,8192,1,no,2,35.378507892
mandelbrot_seq,seahorse,8192,1,no,3,35.416087547
mandelbrot_seq,seahorse,8192,1,no,4,35.363953865
mandelbrot_seq,seahorse,8192,1,no,5,35.421149240
mandelbrot_seq,seahorse,8192,1,no,6,35.376638068
mandelbrot_seq,seahorse,8192,1,no,7,35.409835357
mandelbrot_seq,seahorse,8192,1,no,8,35.368274562
mandelbrot_seq,seahorse,8192,1,no,9,35.391605539
mandelbrot_seq,seahorse,8192,1,no,10,35.322302321
mandelbrot_seq,elephant,8192,1,yes,1,33.709609987
mandelbrot_seq,elephant,8192,1,yes,2,33.816497708
mandelbrot_seq,elephant,8192,1,yes,3,33.825604209
mandelbrot_seq,elephant,8192,1,yes,4,33.826068850
mandelbrot_seq,elephant,8192,1,yes,5,33.773521423
mandelbrot_seq,elephant,8192,1,yes,6,33.774037005
mandelbrot_seq,elephant,8192,1,yes,7,33.766011653
mandelbrot_seq,elephant,8192,1,yes,8,33.773072759
mandelbrot_seq,elephant,8192,1,yes,9,33.774193582
mandelbrot_seq,elephant,8192,1,yes,10,33.768089928
mandelbrot_seq,elephant,8192,1,no,1,33.269214097
mandelbrot_seq,elephant,8192,1,no,2,33.273749450
mandelbrot_seq,elephant,8192,1,no,3,33.273131264
mandelbrot_seq,elephant,8192,1,no,4,33.379669641
mandelbrot_seq,elephant,8192,1,no,5,33.275845030
mandelbrot_seq,elephant,8192,1,no,6,33.349505389
mandelbrot_seq,elephant,8192,1,no,7,33.277483078
mandelbrot_seq,elephant,8192,1,no,8,33.305617662
mandelbrot_seq,elephant,8192,1,no,9,33.335674642
mandelbrot_seq,elephant,8192,1,no,10,33.275401147
mandelbrot_seq,triple_spiral,8192,1,yes,1,40.710771686
mandelbrot_seq,triple_spiral,8192,1,yes,2,40.814051951
mandelbrot_seq,triple_spiral,8192,1,yes,3,40.828545691
mandelbrot_seq,triple_spiral,8192,1,yes,4,40.826012394
mandelbrot_seq,triple_spiral,8192,1,yes,5,40.824971492
mandelbrot_seq,triple_spiral,8192,1,yes,6,40.815964788
mandelbrot_seq,triple_spiral,8192,1,yes,7,40.821062011
mandelbrot_seq,triple_spiral,8192,1,yes,8,40.826946230
mandelbrot_seq,triple_spiral,8192,1,yes,9,40.821995634
mandelbrot_seq,triple_spiral,8192,1,yes,10,40.831236391
mandelbrot_seq,triple_spiral,8192,1,no,1,40.324951350
mandelbrot_seq,triple_spiral,8192,1,no,2,40.405339889
mandelbrot_seq,triple_spiral,8192,1,no,3,40.370897323
mandelbrot_seq,triple_spiral,8192,1,no,4,40.321487011
mandelbrot_seq,triple_spiral,8192,1,no,5,40.323345093
mandelbrot_seq,triple_spiral,8192,1,no,6,40.347670298
mandelbrot_seq,triple_spiral,8192,1,no,7,40.366562971
mandelbrot_seq,triple_spiral,8192,1,no,8,40.338312645
mandelbrot_seq,triple_spiral,8192,1,no,9,40.320046571
mandelbrot_seq,triple_spiral,8192,1,no,10,40.326551543
